關鍵字,說明
活動_2025雙11限時特價,有效期間2025/11/01-2025/11/30,以下型號享限時特價(建議售價→促銷價)：S27D300GAC($3,490→$3,290)、S27F612EAC($5,190→$4,990)、S27CG552EC($5,490→$4,990)、S32CG552EC($7,490→$6,990)、S32DG502EC($8,990→$8,490)、C34G55TWWC($10,490→$9,900)、S57CG952NC($79,900→$69,900)、S32DM803UC($14,900→$12,900)、S27FG900XC($59,900→$49,900)、S49FG916EC($24,900→$22,900)、S49DG952SC($42,900→$39,900)、S27FG812SC($32,900→$28,900)、S32DG702EC($19,900→$17,900)、S27DG602SC($26,900→$24,900)、S27DG502EC($6,990→$5,990)、S27C900PAC($45,900→$24,900)、S32DG802SC($36,900→$27,900)、S32FG812SC($34,900→$24,900)、S32FM702UC($10,990→$9,990)、S32FM702UC Followme($13,990→$12,990)、S32FM703UC($10,990→$9,990)、S32FM703UC Followme($13,990→$12,990)、S32FM703UC Followme PRO($15,990→$14,990)
系列_Odyssey,電競系列，三星專為玩家打造的電競螢幕系列，特色是高刷新率、快速反應時間與沉浸式曲面。
系列_ViewFinity,高解析度/創作者系列，針對設計師、創作者與商務人士的高解析度螢幕系列，強調色彩準確度與多工處理。
系列_SmartMonitor,智慧聯網螢幕，內建TizenOS智慧系統，有三星專屬的APP(與Android TV的APP不同)，不需接電腦即可看Netflix/YouTube，可當電視用的螢幕。包含M5、M7、M8、M9等型號。
術語_Smart系列,指內建三星Tizen智慧系統的螢幕。主要是Smart Monitor系列(M5、M7、M8、M9)，但部分高階電競機種也有內建Smart功能，例如：ARK、Odyssey 3D(G90XF)、G70NC、G80SD、G95SC、G65B等。這類會稱為「電競螢幕內建Smart」或「3D螢幕內建Smart」，而非Smart Monitor。簡言之，Smart Monitor一定有Smart，但有Smart不一定是Smart Monitor。
術語_OdysseyHub,Odyssey 3D (G90XF) 專屬功能，可將2D內容轉為3D，或觀看原生3D內容，是3D螢幕的核心功能之一。
別稱_Odyssey3D,裸視3D電競螢幕(G90XF)，全球首款不需3D眼鏡的4K電競螢幕，利用眼球追蹤與雙凸透鏡技術呈現立體影像，支援Odyssey Hub能將2D影片轉3D，或觀看原生3D影片，遊玩支援三星3D的3A遊戲大作。
別稱_G9,Odyssey G9旗艦電競，有包含49吋32:9超寬曲面電競螢幕、NeoG9(MiniLED)與OLEDG9。型號模式為：S49?G9*或S57?G9*
別稱_G8,Odyssey G8高階電競，有包含34吋OLED及32吋4K高階電競螢幕。型號模式為：S32?G8*或S34?G8*
別稱_G7,Odyssey G7中高階電競，高階電競款，4K規格。型號模式為：S27?G7*或S32?G7*
別稱_G6,Odyssey G6入門OLED，27吋OLED平面電競螢幕。型號模式為：S27?G6*
別稱_G5,Odyssey G5入門電競，高CP值電競款，依型號不同有144Hz/165Hz多種，2K解析度。型號模式為：S27?G5*或S32?G5*
別稱_M9,Smart Monitor M9旗艦OLED，智慧聯網螢幕旗艦款，搭載OLED面板與AI處理器。型號模式為：M90或S32?M9*
別稱_M8,Smart Monitor M8，高階智慧螢幕，32吋4K，附磁吸視訊鏡頭(SlimFitCamera)，支援IoT控制。型號模式為：M80D或S32?M80*
別稱_M7,Smart Monitor M7，進階智慧螢幕，4K解析度，支援USB-C 65W充電與資料傳輸。型號模式為：M70D或S27?M7*或S32?M7*
別稱_M5,Smart Monitor M5，入門智慧螢幕，FHD解析度。型號模式為：M50D或S27?M50*或S32?M50*
別稱_S9,ViewFinity S9(5K)，針對Mac用戶設計的27吋5K(5120x2880)螢幕，全金屬機身，霧面面板。型號模式為：S90或S32?M9*
別稱_S8,ViewFinity S8(4K)，專業4K螢幕，適合繪圖設計，支援98%DCI-P3色域。型號模式為：S80或S##?8*
別稱_S6,ViewFinity S6(2K)，商務與多工用途的2K螢幕，常具備100Hz更新率與LAN網路孔。型號模式為：S60或S##?6*
術語_QD-OLED,量子點OLED面板技術，結合QuantumDot與OLED，提供比傳統OLED更高的亮度與更鮮豔的色彩，同時保留純黑特性。
術語_OLED,OLED自發光面板，特色是純黑表現、無限對比度與極速0.03ms反應時間，無光暈(Blooming)問題。
術語_MiniLED,MiniLED背光技術(QuantumMiniLED)，亮度極高(可達2000nits)，HDR效果優異，包括Neo G9、Neo G8、Neo G7。
術語_GlareFree,抗眩光霧面技術，三星獨家的OLED霧面面板(他牌皆為亮面)，通過UL認證，能大幅減少環境光反射，提升觀看舒適度與黑色層次。
術語_DisplayHDR,VESA DisplayHDR認證標準，螢幕亮度與動態範圍認證。等級包含HDR400、HDR600、HDR1000與OLED專用的TrueBlack400(極致黑位)。
術語_PantoneValidated,Pantone彩通認證，代表螢幕能精準還原Pantone標準色彩(含SkinTone膚色)，適合專業設計與影像編輯。
術語_240Hz,每秒刷新240張畫面，提供極高流暢度，適合FPS射擊與競速遊戲。
術語_360Hz,每秒刷新360張畫面，極致流暢度規格。
術語_1000R,曲度半徑1000mm，最接近人眼視野的曲度，提供強烈包覆感與沉浸體驗。
術語_4K,UHD解析度3840x2160，畫質細膩度為FHD的4倍。
術語_2K,QHD/WQHD解析度2560x1440，畫質優於FHD，且硬體效能需求低於4K。
術語_5K,解析度5120x2880，提供極高像素密度，適合細膩修圖與文字工作。
術語_DQHD,DualQHD解析度5120x1440，相當於兩台2K螢幕無縫拼接，32:9超寬比例。
術語_DUHD,DualUHD解析度7680x2160，相當於兩台4K螢幕無縫拼接，提供極致寬闊的高解析視野。
術語_SmartThings,SmartThings IoT中樞，內建IoT控制晶片，可透過螢幕直接控制支援SmartThings的智慧家電。
術語_CoreSync,CoreLighting+核心照明，螢幕背後的RGB燈效，具備燈光同步功能，可偵測遊戲畫面顏色並同步發光。
術語_MultiView,多重視窗功能，支援分割畫面(PBP)或子母畫面(PIP)，可同時顯示多個訊號源，相當於軟體的螢幕分割。
術語_KVM,KVM切換器，內建切換功能，允許使用一組鍵盤滑鼠控制連接到螢幕的兩台電腦。三星32:9超寬螢幕可分左右兩個獨立畫面，內建KVM特別實用。
術語_SolarCell,太陽能遙控器，配備太陽能板，可透過室內光線充電，減少電池更換。
術語_AIUpscaling,AI影像升頻功能，利用AI處理器將低解析度訊號來源提升至類4K畫質。
術語_Type-C,USB-C介面(含供電)，支援影像傳輸、資料傳輸及裝置充電(常見規格為65W或90W)。
術語_Thunderbolt4,Thunderbolt4高速傳輸介面(40Gbps)，支援菊鏈(DaisyChain)串接多螢幕。
術語_HDMI2.1,HDMI2.1高頻寬傳輸介面，支援4K120Hz/144Hz或8K60Hz，適合次世代遊戲主機。
術語_DP2.1,DisplayPort2.1最新一代DP介面，提供超高頻寬，支援DUHD240Hz傳輸。S57?G9*有支援。
術語_HAS,HAS可調式支架(HeightAdjustableStand)，支援高度升降、傾斜、旋轉與垂直使用的支架設計。
LS27FG706ECXZW,型號：S27FG706EC,27吋Odyssey G7 平面電競顯示器 G70F,27吋16:9 IPS平面螢幕,4K UHD(3840x2160)/FHD雙模式可切換,最大4K 180Hz更新頻率及FHD 360Hz更新頻率,1ms(GtG)反應時間,HDR10+ Gaming,350/280 cd㎡亮度(典型/最小),原生對比1000:1,178°寬廣視角,10.7億色彩支援,sRGB 99%,節能模式,低藍光模式,零閃屏,Windows 11認證,支援AMD FreeSync Premium,Off Timer Plus,黑平衡,虛擬準心,超級電競模式UX,自動來源切換+,影像尺寸調整,PIP、PBP畫面分割功能,介面：DisplayPort 1.4 x1(HDCP 2.2)、HDMI 2.1 x2(HDCP 2.2)、耳機孔、USB-B上行x1、USB-A下行x2(3.2 Gen1),操作環境溫度10–40℃、濕度10–80%,工廠出廠色彩校正與報告,黑色機身與底座(HAS PIVOT底座，120mm高度調整),前後傾斜-2°~25°、左右旋轉-30°~30°、垂直旋轉-92°~92°,VESA 100x100mm壁掛,電源AC 100–240V外接電源變壓器,最大耗電78W,尺寸含底座613x553.2x263.5mm,不含底座613x361.5x73.8mm,包裝尺寸695x159x478mm,重量含底座7.1kg、不含底座3.9kg、包裝重量8.9kg,配件1.5m電源線,HDMI線,DP線,USB 3.0線
LS27FG532ECXZW,型號：S27FG532EC,OdysseyG5 G53F 27吋平面電競顯示器,27吋16:9 IPS平面螢幕,QHD(2560x1440),HDR10,亮度300/240 cd㎡,對比1000:1,178°視角,16.7M色,NTSC 72%,更新頻率200Hz,反應時間1ms(MPRT),支援AMD FreeSync Premium,低藍光模式,省電模式自由選,Off Timer Plus,黑平衡,虛擬準心,更新頻率調整,超級電競模式UX,自動來源切換,介面:DisplayPort 1.4 x1(HDCP 2.2),HDMI 2.0 x2(HDCP 2.2),耳機孔 x1,操作環境:溫度10–40℃/濕度10–80%,設計:黑色機身與簡約型底座,前後傾斜-2~20°,VESA壁掛75x75mm,電源:AC100–240V 50/60Hz,最大耗電48W,外接電源變壓器,尺寸含底座:613.2x463.1x217.4mm,尺寸不含底座:613.2x364.5x50.4mm,包裝尺寸:707x162x430mm,重量含底座:3.9kg,不含底座:3.5kg,包裝重量:5.7kg,配件:1.5m電源線,HDMI連接線,DP連接線。
LS32DG802SCXZW,型號：S32DG802SC,32吋Odyssey OLED G8 平面電競顯示器 G80SD,32吋16:9 OLED平面螢幕,4K UHD(3840x2160),亮度典型250 cd㎡/最低200 cd㎡,原生對比1,000,000:1,動態對比Mega DCR,HDR10+ Gaming,更新頻率最高240Hz,反應時間0.03ms(GtG),可視角度178°(H)/178°(V),色彩支援10.7億色,色域覆蓋99%(CIE1976),低藍光模式,零閃屏,金屬量子點顯色技術,PIP/PBP多畫面分割,Windows 11認證,AMD FreeSync Premium Pro支援,G-Sync相容,Off Timer Plus,虛擬準心,Core Sync,Game Bar 2.0,HDMI-CEC,自動來源切換 Auto Source Switch+,智慧偵測環境光源,超寬遊戲螢幕支援,Tizen作業系統,Bixby語音助理,SmartThings Hub，多重視窗及遠端存取功能,WiFi5與藍牙5.2,10W立體聲喇叭,Adaptive Sound Pro智慧音效,操作溫度0~40℃,濕度10~80%,銀色機身與HAS PIVOT底座(120mm高),前後傾斜-2°~25°,左右旋轉-30°~+30°,垂直旋轉-92°~+92°,VESA壁掛100x100mm,再生資源塑料含量,電源AC 100~240V外接變壓器,最大耗電180W,尺寸含底座719.7x584.6x263.5mm,不含底座719.7x414.7x49.2mm,包裝尺寸815x200x530mm,重量含底座8.4kg,不含底座5.3kg,包裝重量12.0kg,配件含1.5m電源線、HDMI線、DP線、USB 3.0線及太陽能智慧遙控器。
LS37FG752ECXZW,型號：S37FG752EC,37吋Odyssey G7 曲面電競顯示器 G75F,37吋16:9 VA曲面螢幕,1000R曲率,4K UHD(3840x2160)解析度,亮度350/280 cd㎡(典型/最小),原生對比3000:1,動態對比Mega DCR,HDR:VESA DisplayHDR 600與HDR10+ Gaming,色彩支援10.7億,色域DCI 90%，sRGB 99%,更新頻率165Hz,反應時間1ms(GtG),節能模式,低藍光模式,零閃屏,PIP子母畫面,影像尺寸調整,Windows 11認證,支援AMD FreeSync Premium Pro,Off Timer Plus,黑平衡,虛擬準心,Core Sync,超級電競模式UX,自動來源切換Auto Source Switch+,超寬遊戲螢幕支援,介面:DisplayPort 1.4x1(HDCP 2.2),HDMI 2.1x2(HDCP 2.2),耳機孔,USB-B上行1,USB-A下行2(3.2 Gen1),操作溫度10–40 ℃、濕度10–80%,工廠出廠調校及校正報告,黑色機身與底座(HAS高度調整120 mm),前後傾斜-5°～20°,左右旋轉-20°～20°,VESA壁掛100x100 mm,再生塑料含量10%以上,電源:AC100–240 V外接電源變壓器,最大耗電140 W,尺寸含底座816x674.4x303.8 mm,尺寸不含底座816x483.2x170.8 mm,包裝尺寸911x240x579 mm,重量含底座11.2 kg，不含底座7.2 kg，包裝重量15.1 kg,配件包含1.5 m電源線、DP連接線、USB 3.0線
LS49CG954SCXZW,型號：S49CG954SC,49吋Odyssey OLED G9 曲面電競顯示器 G95SC,49吋32:9 OLED曲面螢幕,1800R曲率,DQHD(5120x1440)解析度,亮度典型250 cd㎡/最小200 cd㎡,原生對比1,000,000:1,VESA DisplayHDR True Black 400與HDR10+ Gaming,更新頻率最高240Hz,反應時間0.03ms(GtG),可視角度178°(H)/178°(V),色彩支援10.7億色,色域99%(CIE1976),低藍光模式,零閃屏,金屬量子點顯色技術,遊戲模式,PIP/PBP分割畫面,Windows 10認證,支援AMD FreeSync Premium Pro與G-Sync相容,VESA Adaptive-Sync,虛擬準心,Core Sync,Game Bar 2.0,HDMI-CEC,自動來源切換Auto Source Switch+,智慧偵測環境光源(Adaptive picture),內建智慧電視功能及多裝置連接，作業系統Tizen，WiFi 5與藍牙5.2，立體聲5W*2喇叭，Adaptive Sound Pro音效,操控溫度10~40℃，濕度10~80%,銀色金屬機身與HAS高度調整底座(120mm高)，前後傾斜-2°~15°，壁掛100x100mm，電源AC 100~240V外接變壓器，最大耗電220W，尺寸含底座1194.7x529.3x236.9mm，不含底座1194.7x365.0x180.8mm，包裝尺寸1352x240x474mm，重量含底座12.6kg，不含底座8.8kg，包裝重量18.1kg，配件含1.5m電源線、HDMI轉Micro HDMI線、DP連接線、USB-C充電遙控器。
LS27DG502ECXZW,型號：S27DG502EC,27吋Odyssey G5 IPS 平面電競顯示器 G50D,27吋16:9 Fast IPS 平面螢幕,QHD(2560x1440),亮度350/280 cd㎡,原生對比1000:1,Mega ∞ DCR 動態對比,VESA DisplayHDR 400,更新頻率最高180Hz,反應時間1ms(GtG),可視角度178°(H)/178°(V),色彩支援16.7M,sRGB 覆蓋率99%,支援AMD FreeSync與G-Sync 相容,低藍光模式,零閃屏,影像尺寸調整,Windows 11 認證,Off Timer Plus,黑平衡,虛擬準心,更新頻率調整,超級電競模式UX,自動來源切換 Auto Source Switch+,介面：DisplayPort 1.2 x1(HDCP 2.2)、HDMI 2.0 x1(HDCP 2.2)、耳機孔 x1,操作溫度10~40℃、濕度10~80%,HAS PIVOT 人體工學底座,高度調整120mm,左右旋轉-30°~30°,前後傾斜-2°~25°,垂直旋轉-92°~92°,VESA 壁掛100x100mm,電源供應AC 100~240V 外接電源變壓器,耗電量(最高)48W,尺寸含腳架613x552x263.5mm,不含腳架613x361.5x70mm,包裝尺寸695x159x478mm,重量含腳架6.4kg,不含腳架3.4kg,包裝重量8.3kg,配件：1.5m 電源線、HDMI 連接線、DP 連接線。
LS27CG552ECXZW,型號：S27CG552EC,27吋1000R Odyssey G5 曲面電競顯示器 G55C,27吋16:9 VA 曲面螢幕,1000R 曲率,QHD(2560x1440) 解析度,可視面積596.736x335.664mm,亮度300/200 cd㎡(典型/最小),原生對比2500:1,動態對比Mega ∞ DCR,HDR10,更新頻率最高165Hz,反應時間1ms(MPRT),可視角度178°(H)/178°(V),色彩支援16.7M,內建QHD高解析與1000R沉浸曲面設計,主打震撼視野與真實臨場感,支援低藍光模式與低閃屏護眼,AMD FreeSync 提供流暢畫面,具備Off Timer Plus,黑平衡,低輸入延遲,虛擬準心,更新頻率調整,超級電競模式UX,自動來源切換Auto Source Switch+,影像尺寸調整功能,Windows 11 認證,PC與AV多種色彩模式(Entertain/Graphic/Eco/Game Standard/RPG/RTS/FPS/Sports/Original/Custom等),黑色機身與Y型底座,前後傾斜-2°~18°,支援75x75mm VESA 壁掛,電源為AC 100~240V 外接電源變壓器,最大耗電40W,機身含底座尺寸616.6x477.4x272.6mm,不含底座614.6x382.8x120.0mm,包裝尺寸679x188x438mm,重量含底座4.1kg,不含底座3.7kg,包裝重量6kg,配件含1.5m 電源線、HDMI 連接線與DP 連接線。
LS32DG502ECXZW,型號：S32DG502EC,32吋Odyssey G5 IPS 平面電競顯示器 G50D,32吋16:9 Fast IPS 平面螢幕,QHD(2560x1440) 解析度,可視面積698.112x392.688mm,亮度350/280 cd㎡(典型/最小),原生對比1000:1,動態對比Mega ∞ DCR,VESA DisplayHDR 400,更新頻率最高180Hz,反應時間1ms(GtG),可視角度178°(H)/178°(V),色彩支援16.7M,sRGB 99% 覆蓋,具2K QHD與Fast IPS廣視角畫質特色,支援AMD FreeSync與G-Sync相容,低藍光模式、零閃屏、影像尺寸調整,Windows 11認證,Off Timer Plus,黑平衡,虛擬準心,更新頻率調整,超級電競模式UX,自動來源切換Auto Source Switch+,介面：DisplayPort 1.2 x1(HDCP 2.2)、HDMI 2.0 x1(HDCP 2.2)、耳機孔x1,操作溫度10~40℃、濕度10~80%,黑色機身與HAS PIVOT人體工學底座,高度調整120mm,前後傾斜-2°~25°,左右旋轉-30°~30°,垂直旋轉-92°~92°,VESA壁掛100x100mm,電源AC 100~240V外接變壓器,最大耗電59W,機身含底座尺寸714.2x581.9x263.5mm,不含底座714.2x418.4x70mm,包裝尺寸798x166x519mm,重量含底座7.4kg,不含底座4.4kg,包裝重量9.7kg,配件：1.5m電源線、HDMI線、DP線。
LS32CG552ECXZW,型號：S32CG552EC,32吋1000R Odyssey G5 曲面電競顯示器 G55C,32吋16:9 VA曲面螢幕,1000R曲率,QHD(2560x1440)解析度,亮度300/200 cd㎡,原生對比2500:1,動態對比Mega ∞ DCR,HDR10,更新頻率最高165Hz,反應時間1ms(MPRT),可視角度178°(H)/178°(V),色彩支援16.7M,低藍光模式,零閃屏,影像尺寸調整,Windows 11認證,支援AMD FreeSync,Off Timer Plus,黑平衡,低輸入延遲,虛擬準心,更新頻率調整,超級電競模式UX,自動來源切換Auto Source Switch+,介面:DisplayPort 1.2x1(HDCP 2.2),HDMI 2.0x1(HDCP 2.2),耳機孔,操作溫度10~40℃,操作濕度10~80%,黑色Y型底座,前後傾斜-2°~18°,75x75mm壁掛,AC 100~240V外接電源變壓器,最大耗電59W,含底座尺寸710.1x533.6x272.6mm,不含底座710.1x439.4x135.9mm,包裝尺寸793x197x494mm,含底座重量5.2kg,不含底座4.8kg,包裝重量7.5kg,配件1.5m電源線、HDMI連接線、DP連接線。
LS27FG502SCXZW,型號：S27FG502SC,27吋Odyssey OLED G5 平面電競顯示器 G50SF,27吋16:9 OLED平面螢幕,QHD(2560x1440) QD‑OLED 面板,可視面積590.42x333.72mm,亮度200/190 cd㎡(典型/最小),原生對比1,000,000:1,HDR10,色彩支援10.7億,色域DCI‑P3 99%(CIE1976),更新頻率DP最高180Hz/HDMI最高144Hz,反應時間0.03ms(GtG),178°/178°視角,節能模式,低藍光模式,零閃屏,金屬量子點顯色技術,影像尺寸調整,Windows 11認證,支援AMD FreeSync與NVIDIA G‑Sync相容,Off Timer Plus,黑平衡,虛擬準心,超級電競模式UX,自動來源切換+,UL Glare Free抗眩光真霧面,Pantone Validated 彩通認證,Samsung OLED Safeguard 熱調節與烙印保護,介面:DisplayPort 1.2 x1(HDCP 2.2),HDMI 2.0 x1(HDCP 2.2),耳機孔x1,操作溫度10~40℃/濕度10~80%,黑色機身與簡約型底座,前後傾斜-2°~15°,100x100mm 壁掛,再生資源塑料,電源AC 100~240V 外接電源變壓器,最高耗電78W,機身含底座尺寸609.9x463.8x234.5mm,不含底座609.9x359.3x57.0mm,包裝尺寸722x114x414mm,重量含底座3.3kg,不含底座2.5kg,包裝重量4.6kg,配件1.5m電源線、HDMI連接線、DP連接線。
LS27FG606ECXZW,型號：S27FG606EC,27吋Odyssey G6 IPS 平面電競顯示器 G60F,27吋16:9 Fast IPS平面螢幕,QHD(2560x1440)解析度,可視面積596.736x335.664mm,亮度350/280 cd㎡(典型/最小),原生對比1000:1,支援VESA DisplayHDR 400,更新頻率最高350Hz,反應時間1ms(GtG),可視角度178°(H)/178°(V),色彩支援16.7M,sRGB色域覆蓋99%,具節能模式、低藍光(Eye Saver)與零閃屏(Flicker Free),影像尺寸調整功能,Windows 11認證,支援AMD FreeSync Premium與G-Sync Compatible,內建Off Timer Plus等電競功能,介面:DisplayPort 1.4 x1(HDCP 2.2),HDMI 2.1 x1(HDCP 2.2),耳機孔x1,操作溫度10~40℃、濕度10~80%,黑色機身與HAS PIVOT人體工學底座,高度調整120mm,前後傾斜-2°~25°,左右旋轉-30°~30°,尺寸含底座613x552x263.5mm,不含底座613x361.5x70mm,包裝尺寸712x205x455mm,重量含底座6.4kg,不含底座3.4kg,包裝重量8.5kg,配件含1.5m電源線與DP連接線。
LS32BG650ECXZW,型號：S32BG650EC,32吋Odyssey G6 1000R 曲面電競顯示器 G65B,32吋16:9 VA曲面螢幕,1000R曲率,QHD(2560x1440)解析度,亮度350/300 cd㎡(典型/最小),原生對比2500:1,動態對比Mega ∞ DCR,VESA DisplayHDR 600,更新頻率最高240Hz,反應時間1ms(GtG),可視角度178°(H)/178°(V),色彩支援10.7億,色域DCI-P3 95%,支援低藍光模式及零閃屏,金屬量子點技術,遊戲模式,PIP/PBP多畫面,Windows 10認證,FreeSync Premium Pro,虛擬準心,Core Sync,Game Bar 2.0,HDMI-CEC,自動來源切換+,智慧偵測環境光源,超寬遊戲螢幕支援,Tizen作業系統,WiFi5與藍牙5.2,立體聲喇叭,智慧偵測音效,操作溫度10~40℃、濕度10~80%,黑色機身及HAS PIVOT底座(高度120mm),前後傾斜-9°~13°,左右旋轉-15°~15°,垂直旋轉-92°~92°,100x100mm壁掛,外接電源AC 100~240V,最大耗電95W,含底座尺寸713x606.2x311.1mm,不含底座713x439.7x181.5mm,包裝尺寸827x226x494mm,含底座重量7.4kg,不含底座5.5kg,包裝重量10.1kg,配件含1.5m電源線、DP連接線與遙控器。
LS27DG612SCXZW,型號：S27DG612SC,27吋Odyssey OLED G6 平面電競顯示器 G61SD,27吋16:9 OLED平面螢幕,QHD(2560x1440)解析度,亮度典型250 cd㎡/最小200 cd㎡,原生對比1,000,000:1,HDR10+ Gaming與HDR10,更新頻率最高240Hz,反應時間0.03ms(GtG),可視角度178°(H)/178°(V),色彩支援10.7億,色域DCI-P3 99%(CIE1976),低藍光模式,零閃屏,具PIP子母畫面,金屬量子點顯色技術,影像尺寸調整,Windows 11認證,支持FreeSync Premium Pro及G-Sync相容,Off Timer Plus,黑平衡,虛擬準心,超級電競模式UX,自動來源切換Auto Source Switch+,超寬遊戲螢幕支援,銀色機身與HAS PIVOT底座(120mm高度),前後傾斜-2°~25°,左右旋轉-30°~30°,垂直旋轉-92°~92°,100x100mm壁掛,含再生資源塑料,外接電源AC 100~240V,最大耗電140W,機身含底座尺寸611.7x554.2x263.5mm,不含底座611.7x353.8x49.2mm,包裝尺寸684x200x464mm,重量含底座6.9kg,不含底座3.8kg,包裝重量9.5kg,配件含1.5m電源線、HDMI線、DP線、USB 3.0線,支持UL Glare Free抗眩光真霧面。
LS32BG700ECXZW,型號：S32BG700EC,32吋Odyssey G7 平面電競顯示器,32吋16:9 IPS平面螢幕,4K UHD(3840x2160)解析度,可視面積698.112x392.688mm,亮度350/300 cd㎡(典型/最小),原生對比1000:1,動態對比Mega DCR,VESA DisplayHDR 400,HDR10+與HDR10+ Gaming,更新頻率最高144Hz,反應時間1ms(GtG),178°(H)/178°(V)可視角,色彩支援10.7億,色域DCI-P3約95%,具節能光源感測(Eco Light Sensor)、低藍光模式與零閃屏,支援AMD FreeSync Premium Pro與G-Sync相容,內建遊戲模式、影像尺寸調整、虛擬準心、Core Sync、Game Bar 2.0、Auto Source Switch+與超寬遊戲螢幕(Ultrawide Game View),Tizen智慧電視功能含TV Plus、Microsoft 365、SmartThings、多重視窗(Multi View)、Wireless DeX、行動畫面鏡射與遠端存取,內建立體聲喇叭與智慧偵測音效(Adaptive Sound),介面:DisplayPort 1.4x1、HDMI 2.1x2、USB 3.0 Hub連接埠x2、RJ-45乙太網路、耳機孔,Wi‑Fi 5與藍牙5.2,黑色機身與HAS PIVOT人體工學底座,高度調整120mm,前後傾斜-9°~13°,左右旋轉-15°~15°,垂直旋轉-92°~92°,100x100mm壁掛,電源AC100–240V外接變壓器,最大耗電量約110W,尺寸含底座714.6x602.6x311.1mm,不含底座714.6x441.1x125.9mm,包裝尺寸798x176x545mm,重量含底座8.3kg,不含底座6.4kg,包裝重量11.0kg,配件含1.5m電源線、DP連接線與遙控器。
LS27FG812SCXZW,型號：S27FG812SC,27吋Odyssey OLED G8 平面電競顯示器 G81SF,27吋16:9 OLED平面螢幕,4K UHD(3840x2160)解析度,240Hz更新頻率,0.03ms(GtG)反應時間,250/200 cd㎡亮度(典型/最小),原生對比1,000,000:1,視角178°(H)/178°(V),10億色彩支援,99% DCI色域(CIE1976),VESA DisplayHDR True Black 400,HDR10+ Gaming,低藍光模式,零閃屏,PIP子母畫面,金屬量子點顯色技術,影像尺寸調整,Windows 11認證,FreeSync Premium Pro支援,G-Sync相容,Off Timer Plus,黑平衡,虛擬準心,Core Sync,超級電競模式 UX,自動來源切換 Auto Source Switch+,超寬遊戲螢幕(Ultrawide Game View),介面：DisplayPort 1.4 x1(HDCP 2.2)、HDMI 2.1 x2(HDCP 2.2)、耳機孔、USB-B上行x1、USB-A下行x2(3.2 Gen1),操作溫度10~40℃、濕度10~80%,工廠出廠調校與校正報告,銀色機身與HAS PIVOT底座(高度調整120mm),前後傾斜-2°~25°、左右旋轉-30°~30°、垂直旋轉-92°~92°,VESA 100x100mm壁掛,電源AC 100~240V外接電源變壓器,最大耗電140W,尺寸含底座611.7x554.2x263.5mm,不含底座611.7x353.8x49.2mm,包裝尺寸684x200x464mm,重量含底座6.9kg、不含底座3.8kg、包裝重量9.5kg,配件包含電源線、HDMI線、DP線、USB 3.0線
LS32FG812SCXZW,型號：S32FG812SC,32吋Odyssey OLED G8 平面電競顯示器 G81SF,32吋16:9 OLED平面螢幕,4K UHD(3840x2160)解析度,最大240Hz更新頻率,0.03ms(GtG)反應時間,260/200 cd㎡亮度(典型/最小),原生對比1,000,000:1,178°寬廣視角,10億色彩支援,99% DCI色域(CIE1976),VESA DisplayHDR True Black 400,HDR10+ Gaming,低藍光模式,零閃屏,PIP子母畫面,金屬量子點顯色技術,影像尺寸調整,Windows 11認證,FreeSync Premium Pro支援,G-Sync相容,Off Timer Plus,黑平衡,虛擬準心,Core Sync,超級電競模式 UX,自動來源切換 Auto Source Switch+,超寬遊戲螢幕(Ultrawide Game View),介面：DisplayPort 1.4 x1(HDCP 2.2)、HDMI 2.1 x2(HDCP 2.2)、耳機孔、USB-B上行x1、USB-A下行x2(3.2 Gen1),操作溫度10~40℃、濕度10~80%,工廠出廠調校與校正報告,銀色機身與HAS PIVOT底座(高度調整120mm),前後傾斜-2°~25°、左右旋轉-30°~30°、垂直旋轉-92°~92°,VESA 100x100mm壁掛,再生資源塑料,電源AC 100~240V外接電源變壓器,最大耗電180W,尺寸含底座719.7x584.6x263.5mm,不含底座719.7x414.7x49.2mm,包裝尺寸815x200x530mm,重量含底座8.4kg、不含底座5.3kg、包裝重量12.0kg,配件1.5m電源線、HDMI線、DP線、USB 3.0線
LS49FG916ECXZW,型號：S49FG916EC,49吋Odyssey G9 曲面電競顯示器 G91F,49吋32:9 VA 曲面螢幕,1000R 曲率,可視面積1191.936x335.232mm,Dual QHD DQHD(5120x1440) 解析度,亮度350/280 cd㎡(典型/最小),原生對比2500:1,動態對比Mega DCR,HDR: VESA DisplayHDR 600 與 HDR10+ Gaming,色彩10.7億(1.07B),DCI-P3 色域92%(CIE1976),更新頻率144Hz,反應時間1ms(GtG),節能模式,低藍光模式,零閃屏,PIP 子母畫面,PBP 分割畫面,影像尺寸調整,Windows 11 認證,支援AMD FreeSync Premium Pro,Off Timer Plus,黑平衡,虛擬準心,超級電競模式UX,自動來源切換 Auto Source Switch+,智慧偵測環境光源 Adaptive Picture,介面:DisplayPort 1.4 x1(HDCP 2.2),HDMI 2.1 x2(HDCP 2.2),耳機孔 x1,USB-B 上行 x1,USB-A 下行 x2(USB 3.2 Gen1),操作環境:溫度10–40℃/濕度10–80%,出廠色彩校正與校正報告,設計:黑色機身/背面/底座,HAS 高度調整底座(120mm),前後傾斜-2°~+11°,左右旋轉-15°~+15°,VESA 壁掛100x100mm,再生塑料含量10%以上,電源:AC 100–240V 內建電源,最大耗電180W,尺寸含底座:1147.6x568.4x420.5mm,尺寸不含底座:1147.6x363.5x293.8mm,包裝尺寸:1265x343x481mm,重量含底座:15.6kg,不含底座:10.6kg,包裝重量:20.6kg,配件:1.5m 電源線,HDMI 連接線,DP 連接線,USB 3.0 連接線。
LS27FG900XCXZW,型號：S27FG900,27吋Odyssey 3D (G90XF) 平面電競顯示器,27吋16:9 IPS平面螢幕,4K UHD (3840 x 2160)解析度,可視面積596.736 x 335.664 mm,原生對比度1000:1,亮度350 cd/㎡(典型值),280 cd/㎡(最小值),HDR10、HDR10+ Gaming,反應時間1ms(GtG),更新頻率最高165Hz,可視角度178˚/178˚,色彩支援10.7億色,sRGB 覆蓋率99%(CIE1931),支援Windows 11認證,節能模式、低藍光模式、零閃屏、PIP子母畫面、影像尺寸調整、FreeSync Premium、G-Sync相容、Off Timer Plus、黑平衡、虛擬準心、Auto Source Switch+自動來源切換、超寬遊戲螢幕(Ultrawide Game View),介面包括DisplayPort 1.4(1個)、HDMI 2.1(2個)、USB 3.1 Gen1(2個，含USB-B上行1個)、立體聲喇叭(5W x 2聲道),操作溫度10~40℃，濕度10~80%,銀色機身配銀色HAS PIVOT底座，高度調整120mm(±5mm)，前後傾斜-3°～15°，垂直旋轉-92°～+92°，VESA壁掛100 x 100mm,耗電最高78W，尺寸含底座614.1 x 541.5 x 203.3 mm，不含底座614.1 x 372.2 x 46.0 mm，包裝尺寸834 x 133 x 434 mm，重量含底座7.5 kg，不含底座4.7 kg，包裝重量9.6 kg，配件含1.5m電源線、HDMI連接線、DP連接線、USB 3.0連接線.
LS49DG932SCXZW,型號：S49DG932SC,49吋Odyssey OLED G9 曲面電競顯示器,49吋32:9 OLED曲面螢幕,1800R曲率,DQHD (5120 x 1440)解析度,亮度典型250 cd/㎡,最小亮度200 cd/㎡,原生對比度1,000,000:1 (Typ.),反應時間0.03ms(GtG),更新頻率最高240Hz,可視角度178˚/178˚,色彩支援最高10.7億,色域99% (CIE1976),HDR10, HDR10+, HDR10+ Gaming,VESA DisplayHDR True Black 500,低藍光模式,零閃屏,金屬量子點顯色技術,PIP子母畫面,PBP分割畫面,影像尺寸調整,Windows 11認證,支援AMD FreeSync Premium Pro與NVIDIA G-Sync相容,Off Timer Plus,黑平衡,虛擬準心,Core Sync,超級電競模式UX,自動來源切換Auto Source Switch+,介面：DisplayPort 1.4 x1(HDCP 2.2)、HDMI 2.1 x1(HDCP 2.2)、Micro HDMI 2.1 x1(HDCP 2.2)、耳機孔、USB-C上行端口(僅資料傳輸) x1、USB Type-C下行端口x2 (3.2 Gen1),操作溫度10~40 ℃,濕度10~80%,工廠出廠校正與報告,銀色金屬機身，HAS高度調整底座120 ± 5 mm，前後傾斜-2°~15°，100 x 100 mm VESA壁掛,電源AC 100~240V外接電源變壓器,最高耗電220W,機身含底座尺寸1194.7 x 529.3 x 284.1 mm，不含底座1194.7 x 365 x 180.8 mm，包裝尺寸1352 x 240 x 474 mm，機身含底座重量12.9 kg，不含底座9.2 kg，包裝重量18.5 kg，配件含1.5 m電源線、HDMI轉Micro HDMI連接線、DP連接線、USB Type-C轉Type-A傳輸線，符合UL Glare Free標準.
LS49DG952SCXZW,型號：S49DG952SC,49吋Odyssey OLED G9 曲面電競顯示器,49吋32:9 OLED曲面螢幕,1800R曲率,DQHD(5120 x 1440)解析度,亮度典型250 cd/㎡/最小200 cd/㎡,原生對比1,000,000:1 (Typ.),HDR10, HDR10+，HDR10+ Gaming,反應時間0.03ms(GtG),更新頻率最高240Hz,可視角度178°/178°,色彩支援最高10.7億,色域99% (CIE1976),低藍光模式,零閃屏,金屬量子點顯色技術,影像尺寸調整,Windows 11認證,支援AMD FreeSync Premium Pro及NVIDIA G-Sync相容,Off Timer Plus,黑平衡,虛擬準心,Core Sync,Game Bar 2.0,HDMI-CEC,自動來源切換Auto Source Switch+,智慧偵測環境光源(Adaptive picture),智慧型Tizen作業系統,支援Bixby與長距離語音辨識技術,SmartThings Hub及多裝置功能,可最多兩個影片多重視窗顯示,智慧校色（基本）與遠端存取,介面包括DisplayPort 1.4 x1(HDCP 2.2),HDMI 2.1 x1(HDCP 2.2),Micro HDMI 2.1 x1(HDCP 2.2),USB-C上行(資料傳輸) x1,USB Type-C下行x2 (3.2 Gen2),Wi-Fi 5與藍牙5.2,立體聲喇叭10W輸出搭配Adaptive Sound Pro智慧偵測音效,操作溫度10~40°C，濕度10~80%,工廠完整出廠校正與報告,銀色金屬機身,HAS高度調整底座120mm,前後傾斜-2°~15°,100x100mm壁掛,電源AC 100~240V外接電源變壓器,最高耗電220W,機身含底座尺寸1194.7 x 529.3 x 236.9 mm，不含底座1194.7 x 365 x 180.8 mm，包裝尺寸1352 x 240 x 474 mm,機身含底座重量12.6 kg，不含底座8.8 kg,包裝重量18.1 kg,配件含1.5m電源線、HDMI轉Micro HDMI線、DP連接線、USB Type-C轉Type-A傳輸線、遙控器,具UL Glare Free與Pantone Validated認證
LS34DG852SCXZW,型號：S34DG852SC,34吋Odyssey OLED G8 曲面電競顯示器,34吋21:9 OLED曲面螢幕,1800R曲率,UWQHD(3440 x 1440)解析度,亮度典型250 cd/㎡/最小200 cd/㎡,原生對比1,000,000:1(Typ.),VESA DisplayHDR HDR10、HDR10+、HDR10+ Gaming,反應時間0.03ms(GtG),更新頻率最高175Hz,可視角度178˚/178˚,色彩支援最高10.7億色,色域99% (DCI Coverage),低藍光模式,零閃屏,金屬量子點顯色技術,影像尺寸調整,Windows 11認證,支援FreeSync Premium Pro與G-Sync相容,Off Timer Plus,虛擬準心,Core Sync光效自動調整,Game Bar 2.0,HDMI-CEC,自動來源切換Auto Source Switch+,智慧偵測環境光源(Adaptive picture),智慧型Tizen作業系統,Bixby、長距離語音辨識技術,SmartThings Hub、多裝置體驗(Mobile to Screen, Screen initiate mirroring, Sound Mirroring, Wireless On, Tap View),My Contents,多重視窗(最多兩個影片),智慧校色(基本),遠端存取,無線顯示Wireless Display,介面DisplayPort 1.4 x1,HDMI 2.1 x2,USB 3.0 x2,Wi-Fi 5,藍牙5.2,立體聲喇叭10W輸出與智慧偵測音效Pro,操作溫度10~40℃、濕度10~80%,工廠出廠校正與報告,銀色金屬機身，HAS高度調整底座120±5 mm，前後傾斜-2°~20°，垂直旋轉-3°~3°，100x100mm壁掛,電源AC 100~240V ~50/60Hz，最高耗電180W,機身含底座尺寸813.6 x 522.3 x 192.8 mm，不含底座813.6 x 363.5 x 128.1 mm,包裝尺寸948 x 185 x 456 mm,含底座重量7.5 kg，不含底座5.5 kg,包裝重量11.8 kg,配件有1.5m電源線、HDMI連接線、DP連接線與USB 3.0連接線、遙控器，符合UL Glare Free抗眩光認證
LS27FG812SCXZW,型號：S27FG812SC,27吋Odyssey OLED G8 平面電競顯示器,G81SF,27吋16:9 OLED平面螢幕,4K UHD (3840 x 2160)解析度,可視面積589.97 x 332.9 mm,原生對比度1,000,000:1,反應時間0.03ms(GtG),最大更新頻率240Hz,可視角度178˚/178˚,色彩支援最高10.7億色,色域99% (CIE1976),VESA DisplayHDR True Black 400,HDR10+,HDR10+ Gaming標準,低藍光模式,零閃屏,金屬量子點顯色技術,影像尺寸調整,Windows 11認證,支援AMD FreeSync Premium Pro及NVIDIA G-Sync相容,Off Timer Plus,黑平衡,虛擬準心,Core Sync,超級電競模式UX,自動來源切換Auto Source Switch+,PIP子母畫面,超寬遊戲螢幕顯示,介面包括DisplayPort 1.4 x1(HDCP 2.2)、HDMI 2.1 x2(HDCP 2.2)、USB-B上行端口x1、USB Type-A下行端口2個(3.2 Gen1),耳機孔,操作溫度10~40 ℃，濕度10~80%,底座類型為HAS PIVOT(高度調整120 ±5 mm),前後傾斜-2º ~ +25º，左右旋轉-30º ~ +30º，垂直旋轉-92º ~ +92º，支援100x100 mm VESA壁掛,電源為AC100~240V外接電源變壓器，最高耗電140 W,機身含底座尺寸611.7 x 554.2 x 263.5 mm，不含底座611.7 x 353.8 x 49.2 mm，包裝尺寸684 x 200 x 464 mm，機身含底座重量6.9 kg，不含底座3.8 kg，包裝重量9.5 kg，配件含1.5 m電源線、HDMI連接線、DP連接線、USB 3.0連接線，具有UL Glare Free認證.
LS32BG850NCXZW,型號：S32BG850NC,32吋Odyssey Neo G8 Mini LED曲面電競顯示器,G85NB,32吋16:9 VA曲面螢幕,1000R曲率,4K UHD(3840x2160)解析度,亮度典型350 cd/㎡,亮度最小300 cd/㎡,原生對比1,000,000:1,動態對比Mega DCR,Quantum HDR 2000,HDR10+ Gaming支持,Mini LED局部調光1196區域,反應時間1ms(GtG),更新頻率最高240Hz,視角178°(H)/178°(V),色彩支援最高10.7億,色域DCI 95%(Typ),光源感測(Eco Light Sensor),低藍光模式,零閃屏,PIP子母畫面,金屬量子點顯色技術,Windows 10 認證,支援AMD FreeSync Premium Pro,Off Timer Plus,黑平衡,低輸入延遲技術,虛擬準心,Core Sync,更新頻率調整,超級電競模式UX,自動來源切換Auto Source Switch+,智慧偵測環境光源(Adaptive picture),超寬遊戲螢幕(Ultrawide Game View),介面包括DisplayPort 1.4 x1,HDMI 2.1 x2,耳機孔,USB 3.0 Hub版本3x2連接埠,操作溫度10~40℃,濕度10~80%,工廠出廠校正,色彩模式多樣,黑色正面與生活白背面設計,HAS PIVOT底座高度調整120±5 mm,前後傾斜-9°~13°,左右旋轉-15°~15°,垂直旋轉-92°~92°,VESA 100x100mm壁掛,電源AC 100~240V外接電源變壓器,最高耗電,180W,機身含底座尺寸713 x 606.4 x 311.1 mm,不含底座713 x 434.8 x 173 mm,包裝尺寸827 x 236 x 530 mm,機身含底座重量8.9 kg,不含底座7.0 kg,包裝重量12.2 kg,配件含1.5m電源線與DP連接線
LS34BG850SCXZW,型號：S34BG850SC,34吋Odyssey OLED G8 曲面電競顯示器,34吋21:9 OLED曲面螢幕,1800R曲率,UWQHD(3440 x 1440)解析度,亮度典型250 cd/㎡/最小200 cd/㎡,原生對比度1,000,000:1 (Typ.),反應時間0.03ms(GtG),更新頻率最高175Hz,可視角度178°(H)/178°(V),色彩支援最高10.7億色,色域99% (DCI Coverage),VESA DisplayHDR True Black 400,HDR10+,HDR10+ Gaming,低藍光模式,零閃屏,金屬量子點顯色技術,遊戲模式,影像尺寸調整,Windows 10認證,支援FreeSync Premium Pro與G-Sync相容,Off Timer Plus,虛擬準心,Core Sync,Game Bar 2.0,HDMI-CEC,自動來源切換Auto Source Switch+,智慧偵測環境光源(Adaptive picture),智慧型Tizen作業系統,支援Bixby與長距離語音辨識技術,Microsoft 365網路服務,SmartThings Hub與多裝置體驗(Mobile to Screen、Screen initiate mirroring、Sound Mirroring、Wireless On、Tap View),My Contents,多重視窗(最多2個影片),智慧校色(基本)與遠端存取,介面包括Wireless Display,Mini DisplayPort 1.4 x1,HDMI 2.1 x2,USB 3.0 x2,Wi-Fi 5與藍牙5.2,立體聲喇叭10W，智慧偵測音效Pro,操作溫度10~40℃、濕度10~80%,工廠出廠校正與報告,銀色正面與背面機身，銀色HAS高調型底座，高度調整120 ±5 mm，前後傾斜-2°~20°，垂直旋轉-3°~3°，VESA 100x100 mm壁掛,電源AC 100~240 V ~50/60 Hz，最高耗電180 W,機身含底座尺寸813.6 x 522.3 x 192.8 mm，不含底座813.6 x 363.5 x 128.1 mm,包裝尺寸948 x 185 x 456 mm,含底座重量7.5 kg，不含底座5.5 kg，包裝重量11.8 kg，配件含1.5 m電源線、Mini-DP連接線及遙控器.
LS32FM902SCXZW,型號：S32FM902SC,32吋智慧聯網螢幕M9 M90SF,32吋16:9 OLED平面螢幕,4K UHD (3840 x 2160)解析度,可視面積699.48 x 394.73 mm,原生對比度1,000,000:1(靜態),動態對比Mega DCR,亮度典型250 cd/㎡,最小200 cd/㎡,VESA DisplayHDR True Black 400,支持HDR10+以及HDR10+,反應時間0.03ms(GtG),更新頻率最高165Hz,可視角度178°/178°,色彩支援最高10.7億色,sRGB覆蓋率99%(CIE1931),節能模式、低藍光模式、零閃屏,影像尺寸調整,Windows 11認證,支援FreeSync Premium Pro與NVIDIA G-Sync相容,Off Timer Plus,虛擬準心,Game Bar 2.0,HDMI-CEC,自動來源切換Auto Source Switch+,智慧偵測環境光源,智慧型Tizen作業系統,長距離語音辨識,SmartThings Hub,多裝置體驗(Mobile to Screen、Screen initiate mirroring、Sound Mirroring、Wireless On、Tap View),多重視窗(最大2影片),智慧校色(基本),Knox Vault安全,遠端存取,內建1200萬畫素攝影機含麥克風,立體聲喇叭10W輸出與Adaptive Sound Pro智慧偵測音效,操作溫度10~40°C,濕度10~80%,銀色機身與HAS PIVOT可調底座，高度120±5mm，前後傾斜-2°~25°，垂直旋轉-92°~92°，100x100mm VESA壁掛,電源AC 100~240V 50/60Hz，最大耗電240W,機身含底座尺寸717.2 x 601.6 x 200 mm，不含底座717.2 x 432.3 x 42.5 mm，包裝尺寸909 x 124 x 515 mm，含底座重量8.4kg，不含底座5.3kg，包裝重量12.3kg，配件含1.5m電源線、HDMI連接線、太陽能智慧遙控器等.
LS40FG752ECXZW,型號：S40FG752EC,40吋Odyssey G7曲面電競顯示器,G75F,40吋16:9 VA曲面螢幕,1000R曲率,WUHD(5120x2160)解析度,亮度典型350 cd/㎡,最小280 cd/㎡,原生對比3000:1,動態對比Mega DCR,VESA DisplayHDR 600,HDR10+,HDR10+ Gaming,反應時間1ms(GtG),最大更新頻率180Hz,可視角度178°(H)/178°(V),色彩支援最高10.7億,色域DCI 90%,sRGB覆蓋率99%,節能模式,低藍光模式,零閃屏,PIP子母畫面,PBP分割畫面,影像尺寸調整,Windows 11認證,FreeSync Premium Pro,Off Timer Plus,黑平衡,虛擬準心,Core Sync,超級電競模式UX,自動來源切換Auto Source Switch+,介面包括DisplayPort 1.4 x1(HDCP 2.2),HDMI 2.1 x2(HDCP 2.2),耳機孔,USB-B上行端口x1,USB Type-A下行端口2個(3.2 Gen1),操作溫度10~40℃,濕度10~80%,工廠出廠校正,色彩支援多模式,黑色正面與背面機身，黑色HAS PIVOT底座，高度調整120 ±5 mm，前後傾斜-5°~20°，左右旋轉-20°~20°，VESA 100x100mm壁掛,電源AC 100~240V外接電源變壓器,最大耗電140W,機身含底座尺寸928.6 x 606.4 x 303.8 mm，不含底座928.6 x 434.8 x 196.1 mm，包裝尺寸1030 x 281 x 520 mm，機身含底座11.3 kg，不含底座7.3 kg，包裝重量15.3 kg，配件含1.5 m電源線、DP連接線、USB 3.0連接線.
LS27FG602SCXZW,型號：S27FG602SC,27吋Odyssey OLED G6 平面電競顯示器 G60SF,27吋16:9 QHD (2560 x 1440) OLED面板,可視面積590.42 x 333.72 mm,原生對比度1,000,000:1,亮度典型300 cd/㎡,最小亮度200 cd/㎡,HDR VESA DisplayHDR True Black 500,支持HDR10+及HDR10+ Gaming認證,反應時間0.03ms(GtG),最高刷新率500Hz,可視角178°(H)/178°(V),色彩支援最高10.7億,色域覆蓋99% (CIE1976),節能模式、低藍光模式、零閃屏,金屬量子點顯色技術,影像尺寸調整,Windows 11 認證,支持FreeSync Premium Pro及NVIDIA G-Sync相容,配備黑平衡、虛擬準心、Core Sync及超級電競模式UX,自動來源切換Auto Source Switch+,介面包含DisplayPort 1.4 x1(HDCP 2.2)、HDMI 2.1 x2(HDCP 2.2)、耳機孔、USB-B上行連接埠x1、USB Type-A下行連接埠x2(USB 3.2 Gen1),操作溫度10~40℃，濕度10~80%,銀色金屬機身，HAS PIVOT(高度調整120 ±5 mm),前後傾斜-2°~25°,左右旋轉-30°~30°,垂直旋轉-92°~92°,支持100x100 mm VESA壁掛,電源AC 100~240V 外接電源變壓器,最高耗電140W,機身含底座尺寸611.7 x 554.2 x 263.5 mm，不含底座611.7 x 353.8 x 49.2 mm,包裝尺寸684 x 200 x 464 mm,重量包含底座6.9 kg，不含底座3.8 kg，包裝重量9.5 kg,配件包括1.5 m電源線、HDMI線、DP線及USB 3.0線,且通過UL Glare Free與Pantone Validated認證.
LS27FM501ECXZW,型號：S27FM501EC,27吋智慧聯網螢幕 M5 M50F,27吋16:9 FHD (1920 x 1080) IPS平面螢幕,可視面積597.888 x 336.312 mm,原生對比度1000:1 (典型值),亮度典型250 cd/㎡，最小亮度200 cd/㎡,支持HDR10,反應時間5ms(GtG),最大刷新率60Hz,可視角178°(H)/178°(V),色彩支援最高16.7M,色域72% (NTSC 1976),低藍光模式、零閃屏、影像尺寸調整,Windows 11 認證,支持HDMI-CEC,智慧功能搭載Tizen作業系統，支援Multi Device Experience(移動裝置螢幕投射、聲音鏡像、無線喚醒),介面包含HDMI 1.4 x2(HDCP 2.2)、USB Type-A 下行連接埠 x2(2.0版本),Wi-Fi 5與藍牙5.2,10W立體聲喇叭及Adaptive Sound智慧偵測音效,操作溫度10~40℃，濕度10~80%,白色機身與簡約型白色底座,底座前後可傾斜-2°~15°,支援100x100 mm VESA壁掛,電源AC 100~240V 外接電源變壓器，最大耗電48W,機身含底座尺寸612.7 x 468.1 x 200.1 mm，不含底座612.7 x 369.6 x 41.1 mm,包裝尺寸667 x 100 x 467 mm,含底座重量3.8 kg，不含底座3.1 kg，包裝重量5.5 kg,配件包含1.5 m電源線、HDMI線及遙控器，整體呈現時尚白色調
LS27FM500ECXZW,型號：S27FM500EC,27吋智慧聯網螢幕 M5 M50F,27吋16:9 FHD (1920 x 1080) IPS平面螢幕,可視面積597.888 x 336.312 mm,原生對比度1000:1 (典型值),亮度典型250 cd/㎡，最小亮度200 cd/㎡,支持HDR10,反應時間5ms(GtG),最大刷新率60Hz,可視角178°(H)/178°(V),色彩支援最高16.7M,色域72% (NTSC 1976),低藍光模式、零閃屏、影像尺寸調整,Windows 11 認證,支持HDMI-CEC,智慧功能搭載Tizen作業系統，支援Multi Device Experience（移動裝置螢幕投射、聲音鏡像、無線喚醒）介面包含HDMI 1.4 x2(HDCP 2.2)、USB Type-A 下行2組(2.0版本),Wi-Fi 5與藍牙5.2,10W立體聲喇叭及Adaptive Sound智慧偵測音效,操作溫度10~40℃，濕度10~80%,黑色機身與簡約型黑色底座,底座可前後傾斜-2°至15°,支持100 x 100 mm VESA壁掛,電源供應AC 100~240 V外接電源變壓器，最大耗電48W,機身含底座尺寸612.7 x 468.9 x 200.5 mm，不含底座612.7 x 369.6 x 41.1 mm,包裝尺寸667 x 100 x 467 mm,機身含底座重量3.5 kg，不含底座3.0 kg，包裝重量5.2 kg,配件包含1.5 m電源線、HDMI線及遙控器.
LS43FM703UCXZW,型號：S43FM703UC,43吋智慧聯網螢幕 M7 M70F,43吋16:9 VA平面螢幕,4K UHD(3840x2160)解析度,可視面積941.184x529.416mm,原生對比5000:1,亮度300/240 cd/㎡(典型/最小),HDR10,反應時間4ms(GtG),最大刷新率60Hz,可視角178°/178°,色彩支援Max 1B,NTSC 72%,低藍光模式,零閃屏,Windows 11認證,Game Bar 2.0,HDMI-CEC,Auto Source Switch+自動來源切換,Adaptive picture智慧偵測環境光源,Ultrawide Game View超寬遊戲螢幕,Tizen作業系統,長距離語音辨識,SmartThings Hub,Multi Device Experience(Mobile to Screen/Screen initiate mirroring/Sound Mirroring/Wireless On/Tap View),Multi View多重視窗(最多2影片),Smart Calibration智慧校色(基本),Remote Access遠端存取,Wireless Display,介面:HDMI 2.0x2(HDCP 2.2),USB 2.0x3,USB-C 65W x1(HDCP 2.2),Wi-Fi 5,藍牙5.2,20W立體聲喇叭,Adaptive Sound+智慧偵測音效,操作溫度10~40℃,濕度10~80%,簡約型底座,前後傾斜-2°~20°,200x200mm壁掛,電源AC 100-240V,最大耗電210W,內建電源,尺寸含底座965.5x629.3x247.2mm,不含底座965.5x559.8x25.7mm,包裝1198x677x159mm,重量含底座11.0kg,不含底座8.7kg,包裝14.1kg,配件含1.5m電源線、HDMI線、USB-C線、太陽能智慧遙控器
LS32FM803UCXZW,型號：S32FM803UC,32吋智慧聯網螢幕 M8 M80F,32吋16:9 VA平面螢幕,4K UHD(3840x2160)解析度,可視面積697.306x392.234mm,原生對比3000:1,亮度400/300 cd/㎡(典型/最小),HDR10,HDR10+認證,反應時間4ms(GtG),最大刷新率60Hz,可視角178°/178°,色彩支援Max 1B,sRGB 99%(CIE1931),低藍光模式,零閃屏,Windows 11認證,Game Bar 2.0,HDMI-CEC,Auto Source Switch+,Adaptive picture,Ultrawide Game View,Tizen作業系統,長距離語音辨識,SmartThings Hub,Multi Device Experience,Multi View(最多2影片),Smart Calibration(基本),Knox Vault,Remote Access,Wireless Display,介面:HDMI 2.0x1(HDCP 2.2),USB 2.0x2,USB-C 65W x1(HDCP 2.2),Wi-Fi 5,藍牙5.2,10W立體聲喇叭,Adaptive Sound Pro,操作溫度10~40℃,濕度10~80%,HAS PIVOT底座(高度120±5mm),前後傾斜-2°~15°,垂直旋轉-92°~92°,100x100mm壁掛,電源AC 100~240V外接變壓器,最大耗電140W,尺寸含底座713.4x616.2x200.1mm,不含底座713.4x423.8x24.5mm,包裝909x122x483mm,重量含底座7.0kg,不含底座4.0kg,包裝10.5kg,配件含1.5m電源線、HDMI線、USB-C線、太陽能智慧遙控器、SlimFit Camera磁吸攝影機、Pogo Gender
LS43FM702UCXZW,型號：S43FM702UC,43吋智慧聯網螢幕 M7 M70F,43吋16:9 VA平面螢幕,4K UHD(3840x2160)解析度,可視面積941.184x529.416mm,原生對比5000:1,亮度300/240 cd/㎡(典型/最小),HDR10,反應時間4ms(GtG),最大刷新率60Hz,可視角178°/178°,色彩支援Max 1B,NTSC 72%,低藍光模式,零閃屏,Windows 11認證,Game Bar 2.0,HDMI-CEC,Auto Source Switch+,Adaptive picture,Ultrawide Game View,Tizen作業系統,長距離語音辨識,SmartThings Hub,Multi Device Experience,Multi View(最多2影片),Smart Calibration(基本),Remote Access,Wireless Display,介面:HDMI 2.0x2(HDCP 2.2),USB 2.0x3,USB-C 65W x1(HDCP 2.2),Wi-Fi 5,藍牙5.2,20W立體聲喇叭,Adaptive Sound+,操作溫度10~40℃,濕度10~80%,簡約型底座,前後傾斜-2°~20°,200x200mm壁掛,電源AC 100-240V內建電源,最大耗電210W,尺寸含底座965.5x629.3x247.2mm,不含底座965.5x559.8x25.7mm,包裝1198x677x159mm,重量含底座10.6kg,不含底座8.5kg,包裝13.7kg,配件含1.5m電源線、HDMI線、USB-C線、太陽能智慧遙控器
LS34C652UACXZW,型號：S34C652UA,34吋ViewFinity S6 曲面商用螢幕 S65C,34吋21:9 VA曲面螢幕,1000R曲率,UWQHD(3440x1440)解析度,可視面積797.22x333.72mm,原生對比3000:1,動態對比Mega DCR,亮度350/280 cd/㎡(典型/最小),HDR10,反應時間5ms,最大刷新率100Hz,可視角178°/178°,色彩支援Max 1.07B,sRGB 115%,低藍光模式,零閃屏,PIP/PBP畫面分割,Windows 10認證,FreeSync,Off Timer Plus,Auto Source Switch+,Adaptive picture,KVM Switch內建切換器,介面:DisplayPort 1.2x1(HDCP 2.2),HDMI 2.0x1(HDCP 2.2),耳機孔,USB 3.0x3(下行),USB-B上行x1,USB-C 90W x1(HDCP 2.2),RJ-45乙太網路,5W立體聲喇叭,操作溫度10~40℃,濕度10~80%,HAS底座(高度120±5mm),前後傾斜-2°~20°,左右旋轉-30°~30°,100x100mm壁掛,TCO Certified,再生塑料10%,電源AC 100~240V內建電源,最大耗電200W,尺寸含底座806.6x561.5x241.0mm,不含底座806.6x369.4x125.0mm,包裝807.0x125.0x367.0mm,重量含底座8.0kg,不含底座5.2kg,包裝10.5kg,配件含1.5m電源線、HDMI線、DP線、USB-C線、USB 3.0線
LS32FM703UCXZW,型號：S32FM703UC,32吋智慧聯網螢幕 M7 M70F,32吋16:9 VA平面螢幕,4K UHD(3840x2160)解析度,可視面積697.306x392.234mm,原生對比3000:1,亮度300/240 cd/㎡(典型/最小),HDR10,反應時間4ms(GtG),最大刷新率60Hz,可視角178°/178°,色彩支援Max 1B,NTSC 72%,低藍光模式,零閃屏,Windows 11認證,Game Bar 2.0,HDMI-CEC,Auto Source Switch+,Adaptive picture,Ultrawide Game View,Tizen作業系統,長距離語音辨識,SmartThings Hub,Multi Device Experience,Multi View(最多2影片),Smart Calibration(基本),Remote Access,Wireless Display,介面:HDMI 2.0x2(HDCP 2.2),USB 2.0x3,USB-C 65W x1(HDCP 2.2),Wi-Fi 5,藍牙5.2,10W立體聲喇叭,Adaptive Sound+,操作溫度10~40℃,濕度10~80%,簡約型底座,前後傾斜-2°~22°,100x100mm壁掛,電源AC 100-240V內建電源,最大耗電150W,尺寸含底座716.1x517.0x193.5mm,不含底座716.1x424.5x41.8mm,包裝842.0x133.0x487.0mm,重量含底座6.8kg,不含底座5.7kg,包裝8.7kg,配件含1.5m電源線、HDMI線、USB-C線、太陽能智慧遙控器
LS37D702EACXZW,型號：S37D702EA,37吋ViewFinity S7 商用螢幕 S70D,37吋16:9 VA平面螢幕,4K UHD(3840x2160)解析度,可視面積808.0128x454.5072mm,原生對比3000:1,動態對比Mega DCR,亮度350/280 cd/㎡(典型/最小),HDR10,反應時間5ms,最大刷新率60Hz,可視角178°/178°,色彩支援Max 1.07B,sRGB 100%,節能模式,低藍光模式,零閃屏,PIP/PBP畫面分割,Windows 11認證,Off Timer Plus,Auto Source Switch+,Adaptive picture,介面:DisplayPort 1.2x1(HDCP 2.2),HDMI 2.0x1(HDCP 2.2),耳機孔,操作溫度10~40℃,濕度10~80%,簡約型底座,前後傾斜-5°~25°,100x100mm壁掛,TCO Certified,Carbon Footprint,再生塑料15%以上,電源AC 100~240V內建電源,最大耗電110W,尺寸含底座823.9x565.0x250mm,不含底座823.9x486.5x41.8mm,包裝921x181x604mm,重量含底座8.1kg,不含底座5.8kg,包裝11.5kg,配件含1.5m電源線、HDMI線、DP線
LS32D806UACXZW,型號：S32D806UA,32吋ViewFinity S8 商用螢幕 S80UD,32吋16:9 VA平面螢幕,4K UHD(3840x2160)解析度,可視面積697.306x392.234mm,原生對比3000:1,動態對比Mega DCR,亮度350/280 cd/㎡(典型/最小),HDR10,反應時間5ms,最大刷新率60Hz,可視角178°/178°,色彩支援Max 1.07B,sRGB 99%,節能模式,低藍光模式,零閃屏,PIP/PBP畫面分割,Windows 11認證,Off Timer Plus,Auto Source Switch+,Adaptive picture,KVM Switch內建切換器,介面:DisplayPort 1.2x1(HDCP 2.2),HDMI 2.0x1(HDCP 2.2),耳機孔,USB 3.0x3(下行),USB-B上行x1,USB-C 90W x1(HDCP 2.2),RJ-45乙太網路,操作溫度10~40℃,濕度10~80%,HAS PIVOT底座(高度120±5mm),前後傾斜-2°~25°,左右旋轉-30°~30°,垂直旋轉-92°~92°,100x100mm壁掛,TCO Certified,再生塑料10%以上,電源AC 100~240V內建電源,最大耗電180W,尺寸含底座713.9x585x220mm,不含底座713.9x424.7x41.8mm,包裝798x160x546mm,重量含底座6.9kg,不含底座4.5kg,包裝8.9kg,配件含1.5m電源線、DP線、USB-C線
LS32FM702UCXZW,型號：S32FM702UC,32吋智慧聯網螢幕 M7 M70F,32吋16:9 VA平面螢幕,4K UHD(3840x2160)解析度,可視面積697.306x392.234mm,原生對比3000:1,亮度300/240 cd/㎡(典型/最小),HDR10,反應時間4ms(GtG),最大刷新率60Hz,可視角178°/178°,色彩支援Max 1B,NTSC 72%,低藍光模式,零閃屏,Windows 11認證,Game Bar 2.0,HDMI-CEC,Auto Source Switch+,Adaptive picture,Ultrawide Game View,Tizen作業系統,長距離語音辨識,SmartThings Hub,Multi Device Experience,Multi View(最多2影片),Smart Calibration(基本),Remote Access,Wireless Display,介面:HDMI 2.0x2(HDCP 2.2),USB 2.0x3,USB-C 65W x1(HDCP 2.2),Wi-Fi 5,藍牙5.2,10W立體聲喇叭,Adaptive Sound+,操作溫度10~40℃,濕度10~80%,簡約型底座,前後傾斜-2°~22°,100x100mm壁掛,電源AC 100-240V內建電源,最大耗電150W,尺寸含底座716.1x517.0x193.5mm,不含底座716.1x424.5x41.8mm,包裝842.0x133.0x487.0mm,重量含底座6.5kg,不含底座5.4kg,包裝8.4kg,配件含1.5m電源線、HDMI線、USB-C線、太陽能智慧遙控器
LS32D606UACXZW,型號：S32D606UA,32吋ViewFinity S6 商用螢幕 S60UD,32吋16:9 IPS平面螢幕,QHD(2560x1440)解析度,可視面積698.112x392.688mm,原生對比1000:1,動態對比Mega,亮度350/280 cd/㎡(典型/最小),HDR10,反應時間5ms,最大刷新率100Hz,可視角178°/178°,色彩支援Max 1.07B,sRGB 99%,低藍光模式,零閃屏,PIP/PBP畫面分割,Windows 11認證,Off Timer Plus,Auto Source Switch+,Adaptive picture,KVM Switch內建切換器,介面:DisplayPort 1.4x1(HDCP 2.2),DisplayPort Out 1.4x1(菊鏈輸出),HDMI 2.0x1(HDCP 2.2),耳機孔,USB 3.0x3(下行),USB-C 90W x1(HDCP 2.2),RJ-45乙太網路,操作溫度10~40℃,濕度10~80%,HAS PIVOT底座(高度120±5mm),前後傾斜-2°~25°,左右旋轉-30°~30°,垂直旋轉-92°~92°,100x100mm壁掛,TCO Certified,再生塑料10%以上,電源AC 100~240V內建電源,最大耗電160W,尺寸含底座713.9x585x220mm,不含底座713.9x424.7x41.8mm,包裝798x160x546mm,重量含底座7.2kg,不含底座4.7kg,包裝9.2kg,配件含1.5m電源線、DP線、USB-C線
LC34G55TWWCXZW,型號：C34G55TWW,34吋Odyssey G5 曲面電競顯示器 G55T,34吋21:9 VA曲面螢幕,1000R曲率,UWQHD(3440x1440)解析度,可視面積797.22x333.72mm,原生對比2500:1,動態對比Mega DCR,亮度250/200 cd/㎡(典型/最小),HDR10,反應時間1ms(MPRT),最大刷新率165Hz,可視角178°/178°,色彩支援Max 16.7M,NTSC 72%,低藍光模式,零閃屏,PBP畫面分割,Windows 10認證,FreeSync Premium,Off Timer Plus,黑平衡,虛擬準心,更新頻率調整,超級電競模式UX,介面:DisplayPort 1.4x1,HDMI 2.0x1,耳機孔,操作溫度10~40℃,濕度10~80%,Y型底座,前後傾斜-2°~18°,75x75mm壁掛,電源AC 100~240V外接變壓器,最大耗電50W,待機功耗0.5W,尺寸含底座806.6x475.3x272.6mm,不含底座806.6x380.9x152.7mm,包裝901.0x216.0x441.0mm,重量含底座5.6kg,不含底座5.2kg,包裝7.9kg,配件含1.5m電源線、DP線、保固卡
LS32D706EACXZW,型號：S32D706EA,32吋ViewFinity S7 商用螢幕 S70D,32吋16:9 VA平面螢幕,4K UHD(3840x2160)解析度,可視面積697.306x392.234mm,原生對比1000:1,動態對比Mega DCR,亮度350/280 cd/㎡(典型/最小),HDR10,反應時間5ms,最大刷新率60Hz,可視角178°/178°,色彩支援Max 1.07B,sRGB 99%,節能模式,低藍光模式,零閃屏,PIP/PBP畫面分割,Windows 11認證,Off Timer Plus,Auto Source Switch+,Adaptive picture,介面:DisplayPort 1.2x1(HDCP 2.2),HDMI 2.0x1(HDCP 2.2),耳機孔,操作溫度10~40℃,濕度10~80%,簡約型底座,前後傾斜-2°~25°,100x100mm壁掛,TCO Certified,再生塑料10%以上,電源AC 100~240V內建電源,最大耗電100W,尺寸含底座713.9x501.6x180mm,不含底座713.9x424.7x41.8mm,包裝798x160x546mm,重量含底座5.9kg,不含底座4.4kg,包裝8.0kg,配件含1.5m電源線、HDMI線、DP線
LS24D606EACXZW,型號：S24D606EA,24吋ViewFinity S6 商用螢幕 S60D,24吋16:9 IPS平面螢幕,QHD(2560x1440)解析度,可視面積526.848x296.352mm,原生對比1000:1,動態對比Mega,亮度350/280 cd/㎡(典型/最小),HDR10,反應時間5ms,最大刷新率100Hz,可視角178°/178°,色彩支援Max 1.07B,sRGB 99%,低藍光模式,零閃屏,PIP/PBP畫面分割,Windows 11認證,Off Timer Plus,Auto Source Switch+,Adaptive picture,介面:DisplayPort 1.4x1(HDCP 2.2),HDMI 2.0x1(HDCP 2.2),耳機孔,USB 3.0x3(下行),操作溫度10~40℃,濕度10~80%,HAS PIVOT底座(高度120±5mm),前後傾斜-2°~25°,左右旋轉-30°~30°,垂直旋轉-92°~92°,100x100mm壁掛,TCO Certified,再生塑料10%以上,電源AC 100~240V內建電源,最大耗電80W,尺寸含底座540.7x535.9x220mm,不含底座540.7x327.2x41.7mm,包裝609x160x479mm,重量含底座5.4kg,不含底座2.9kg,包裝7.0kg,配件含1.5m電源線、HDMI線、DP線、USB 3.0線
LS27F612EACXZW,型號：S27F612EA,27吋ViewFinity S6 商用螢幕 S61F,27吋16:9 IPS平面螢幕,QHD(2560x1440)解析度,可視面積596.736x335.664mm,原生對比1000:1,動態對比Mega,亮度300/250 cd/㎡(典型/最小),反應時間5ms(GtG),最大刷新率100Hz,可視角178°/178°,色彩支援Max 16.7M,NTSC 83%,sRGB 99%,節能模式,低藍光模式,零閃屏,Windows 11認證,Off Timer Plus,Auto Source Switch,介面:DisplayPort 1.2x1(HDCP 2.2),HDMI 2.0x2(HDCP 2.2),耳機孔,操作溫度10~40℃,濕度10~80%,HAS底座(高度135±5mm),前後傾斜-4°~24°,左右旋轉-45°~45°,垂直旋轉-92°~92°,100x100mm壁掛,再生塑料35%,電源AC 100~240V外接變壓器,最大耗電35W,尺寸含底座616.2x538.5x192.9mm,不含底座616.2x367.7x45.4mm,包裝685.0x210.0x435.0mm,重量含底座5.4kg,不含底座3.6kg,包裝7.4kg,配件含1.5m電源線、HDMI線、DP線
LS27D362GACXZW,型號：S27D362GA,27吋曲面商用螢幕 SD36G,27吋16:9 VA曲面螢幕,1800R曲率,FHD(1920x1080)解析度,可視面積596.736x335.664mm,原生對比3000:1,亮度250/200 cd/㎡(典型/最小),反應時間4ms(GtG),最大刷新率100Hz,可視角178°/178°,色彩支援Max 16.7M,sRGB 95%,節能模式,低藍光模式,零閃屏,Windows 11認證,Off Timer Plus,介面:D-Sub x1,HDMI 1.4x1,耳機孔,操作溫度10~40℃,濕度10~80%,簡約型底座,前後傾斜-2°~22°,75x75mm壁掛,電源AC 100~240V外接變壓器,最大耗電35W,尺寸含底座622.6x458.6x214.0mm,不含底座622.6x367.2x114.3mm,包裝687.0x175.0x442.0mm,重量含底座3.9kg,不含底座3.3kg,包裝6.0kg,配件含1.5m電源線、D-Sub線、HDMI線
LS27D300GACXZW,型號：S27D300GA,27吋平面商用螢幕 SD30G,27吋16:9 IPS平面螢幕,FHD(1920x1080)解析度,可視面積597.888x336.312mm,原生對比1000:1,動態對比Mega,亮度250/200 cd/㎡(典型/最小),反應時間5ms(GtG),最大刷新率100Hz,可視角178°/178°,色彩支援Max 16.7M,NTSC 72%(CIE 1931),節能模式,低藍光模式,零閃屏,Windows 11認證,Off Timer Plus,介面:D-Sub x1,HDMI 1.4x1(HDCP 1.4),操作溫度10~40℃,濕度10~80%,簡約型底座,前後傾斜-2°~21°,100x100mm壁掛,再生塑料13%,電源AC 100~240V外接變壓器,最大耗電25W,尺寸含底座612.7x470.0x200.4mm,不含底座612.7x360.9x36.2mm,包裝710.0x100.0x403.0mm,重量含底座2.9kg,不含底座2.4kg,包裝4.3kg,配件含1.5m電源線、HDMI線
LS24F332EACXZW,型號：S24F332EA,24吋平面商用螢幕 SF33E,24吋16:9 VA平面螢幕,FHD(1920x1080)解析度,可視面積527.04x296.46mm,原生對比3000:1,動態對比Mega,亮度250/200 cd/㎡(典型/最小),反應時間5ms(GtG),最大刷新率100Hz,可視角178°/178°,色彩支援Max 16.7M,NTSC 72%(CIE 1931),節能模式,低藍光模式,零閃屏,Windows 11認證,Off Timer Plus,介面:D-Sub x1,HDMI 1.4x1(HDCP 1.4),操作溫度10~40℃,濕度10~80%,簡約型底座,前後傾斜-2°~20°,100x100mm壁掛,再生塑料20%,電源AC 100-240V外接變壓器,最大耗電25W,尺寸含底座539.5x422.8x217.4mm,不含底座539.5x322.8x41.2mm,包裝607.0x147.0x380.0mm,重量含底座2.8kg,不含底座2.4kg,包裝4.3kg,配件含1.5m電源線、D-Sub線、HDMI線
LS32D392GACXZW,型號：S32D392GA,32吋曲面商用螢幕 SD39G,32吋16:9 VA曲面螢幕,1500R曲率,FHD(1920x1080)解析度,可視面積698.4x392.85mm,原生對比3000:1,亮度250/200 cd/㎡(典型/最小),反應時間4ms(GtG),最大刷新率100Hz,可視角178°/178°,色彩支援Max 16.7M,sRGB 95%,節能模式,低藍光模式,零閃屏,Windows 11認證,Off Timer Plus,介面:D-Sub x1,HDMI 1.4x1(HDCP 1.4),耳機孔,操作溫度10~40℃,濕度10~80%,簡約型底座,前後傾斜-2°~22°,75x75mm壁掛,再生塑料59%,電源AC 100~240V外接變壓器,最大耗電48W,尺寸含底座716.1x525.3x260.9mm,不含底座716.1x423.2x92.5mm,包裝900.0x205.0x510.0mm,重量含底座5.1kg,不含底座4.4kg,包裝8.7kg,配件含1.5m電源線、D-Sub線、HDMI線
LS27D392GACXZW,型號：S27D392GA,27吋曲面商用螢幕 SD39G,27吋16:9 VA曲面螢幕,1800R曲率,FHD(1920x1080)解析度,可視面積597.888x336.312mm,原生對比4000:1,亮度250/200 cd/㎡(典型/最小),反應時間4ms(GtG),最大刷新率100Hz,可視角178°/178°,色彩支援Max 16.7M,sRGB 95%,節能模式,低藍光模式,零閃屏,Windows 11認證,Off Timer Plus,介面:D-Sub x1,HDMI 1.4x1(HDCP 1.4),耳機孔,操作溫度10~40℃,濕度10~80%,簡約型底座,前後傾斜-2°~22°,75x75mm壁掛,再生塑料55%,電源AC 100~240V外接變壓器,最大耗電35W,尺寸含底座617.8x468.7x250.7mm,不含底座617.8x366.5x75.8mm,包裝800.0x155.0x453.0mm,重量含底座3.8kg,不含底座3.1kg,包裝6.3kg,配件含1.5m電源線、D-Sub線、HDMI線
LS27D400GACXZW,型號：S27D400GA,27吋平面商用螢幕 SD40G,27吋16:9 IPS平面螢幕,FHD(1920x1080)解析度,可視面積597.888x336.312mm,原生對比1000:1,動態對比Mega,亮度250/200 cd/㎡(典型/最小),反應時間5ms(GtG),最大刷新率100Hz,可視角178°/178°,色彩支援Max 16.7M,NTSC 72%(CIE 1931),節能模式,低藍光模式,零閃屏,Windows 11認證,Off Timer Plus,Auto Source Switch,介面:DisplayPort 1.2x1(HDCP 1.2),HDMI 1.4x2,耳機孔,USB 2.0x2(下行),USB-B上行x1,操作溫度10~40℃,濕度10~80%,HAS底座(高度105±5mm),前後傾斜-3°~25°,左右旋轉-45°~45°,垂直旋轉-92°~92°,100x100mm壁掛,TCO Certified,再生塑料16.3%,電源AC 100~240V內建電源,最大耗電50W,尺寸含底座612.7x538.3x219.0mm,不含底座612.7x360.9x39.8mm,包裝655.0x109.0x488.0mm,重量含底座4.0kg,不含底座2.7kg,包裝5.6kg,配件含1.5m電源線、HDMI線
LS24DG302ECXZW,型號：S24DG302EC,24吋Odyssey G3 平面電競顯示器 G30D,24吋16:9 VA平面螢幕,FHD(1920x1080)解析度,可視面積525.89x295.81mm,原生對比3000:1,動態對比MEGA,亮度250/200 cd/㎡(典型/最小),HDR10,反應時間1ms(MPRT),最大刷新率180Hz,可視角178°/178°,色彩支援Max 16.7M,sRGB 95%,節能模式,低藍光模式,零閃屏,Windows 11認證,FreeSync,Off Timer Plus,黑平衡,虛擬準心,更新頻率調整,超級電競模式UX,Auto Source Switch自動來源切換,介面:DisplayPort 1.4x1(HDCP 1.3),HDMI 2.0x1(HDCP 1.4),耳機孔,操作溫度10~40℃,濕度10~80%
LS37D802UACXZW,型號：S37D802UAC,37吋ViewFinity S8 UHD 高解析度平面顯示器 S80UD,37吋16:9 VA平面螢幕,可視面積808.0x454.5mm,4K UHD(3840x2160)解析度,亮度350/280 cd㎡(典型/最小),原生對比3000:1,動態對比Mega ∞ DCR,HDR10,反應時間5ms,可視角度178°/178°,色彩支援1.07B,sRGB 100%(Typ),屬ViewFinity創作者系列,具節能模式、低藍光模式與零閃屏,支援PIP子母畫面與PBP分割畫面與影像尺寸調整,Windows 11認證,Off Timer Plus,自動來源切換Auto Source Switch+,智慧偵測環境光源Adaptive Picture,內建KVM Switch,介面：DisplayPort 1.2 x1(HDCP 2.2),HDMI 2.0 x1(HDCP 2.2),耳機孔,USB 3.0 Hub x3,USB‑C x1(支援90W充電),USB‑B上行x1,乙太網路LAN x1,操作環境10~40℃/10~80%,黑色機身與HAS高度調整底座,高度調整範圍120mm,前後傾斜-5°~20°,左右旋轉-30°~30°,VESA壁掛100x100mm,TCO認證與碳足跡標示,再生資源塑料含量85%以上,電源AC 100~240V內置電源,最大耗電190W,尺寸含底座823.9x648.0x250.0mm,不含底座823.9x486.5x41.8mm,包裝尺寸921x181x604mm,重量含底座8.9kg,不含底座5.9kg,包裝重量12.3kg,配件含1.5m電源線與USB Type‑C連接線。
LS57CG952NCXZW,型號：S57CG952NC,57吋Odyssey Neo G9 Mini LED曲面電競顯示器 G95NC,57吋32:9 VA曲面螢幕,1000R曲率,DUHD(7680x2160)解析度,最大240Hz更新頻率,1ms(GtG)反應時間,420/350 cd㎡亮度(典型/最小),原生對比2500:1(靜態),動態對比Mega DCR,178°寬廣視角,10億色彩支援,DCI覆蓋95%,VESA DisplayHDR 1000,HDR10+ Gaming,量子Mini LED局部調光(2392區),低藍光模式,零閃屏,PIP子母畫面,PBP畫面分割,金屬量子點顯色技術,影像尺寸調整,Windows 10認證,FreeSync Premium Pro,Off Timer Plus,黑平衡,虛擬準心,Core Sync,更新頻率調整,超級電競模式UX,自動來源切換Auto Source Switch+,智慧偵測環境光源(Adaptive Picture),KVM Switch,介面：DisplayPort 2.1 x1(HDCP 2.2)、HDMI 2.1 x3(HDCP 2.2)、耳機孔、USB 3.0 x2,操作溫度10~40℃、濕度10~80%,工廠出廠調校與校正報告,色彩模式:Entertain/Graphic/Eco/Game Standard/FPS/RTS/RPG/Sports/Original/Custom,黑色正面與白色背面、HAS底座(高度調整120mm),前後傾斜-3°~10°、左右旋轉-15°~15°,VESA 100x100mm壁掛,UL Glare Free,電源AC100-240V內置電源,最大耗電300W,尺寸含底座1327.5x601.0x499.6mm,不含底座1327.5x429.5x338.4mm,包裝尺寸1455x420x557mm,重量含底座19.0kg、不含底座15.4kg、包裝重量26.8kg,配件1.5m電源線、HDMI線、DP線、USB 3.0線
LS32DG702ECXZW,型號：S32DG702EC,32吋Odyssey G7 IPS 平面電競顯示器 G70D,32吋16:9 Fast IPS平面螢幕,4K UHD(3840x2160),最大144Hz更新頻率,1ms(GtG)反應時間,VESA DisplayHDR 400,HDR10+ Gaming,350/280 cd㎡亮度(典型/最小),原生對比1000:1,178°寬廣視角,10.7億色彩支援,sRGB 99%,低藍光模式,零閃屏,Windows 11認證,支援AMD FreeSync Premium,G-Sync相容,Off Timer Plus,黑平衡,虛擬準心,Core Sync,Game Bar 2.0,HDMI-CEC,自動來源切換+,智慧偵測環境光源,超寬遊戲螢幕,影像尺寸調整,PIP/PBP多畫面分割,AI Smart TV智慧電視,Tizen作業系統,Bixby語音助理,SmartThings Hub,多重視窗(最多2畫面),遠端存取,WiFi5,藍牙5.2,10W立體聲喇叭,Adaptive Sound Pro智慧音效,介面：DisplayPort 1.4 x1、HDMI 2.1 x2、USB-B上行x1、USB-A下行x2(3.0)、乙太網路x1、耳機孔,操作環境溫度10–40℃、濕度10–80%,工廠出廠調校與報告,黑色機身與HAS PIVOT底座(120mm高度調整),前後傾斜-2°~25°、左右旋轉-30°~30°、垂直旋轉-92°~92°,VESA 100x100mm壁掛,電源AC 100–240V外接電源變壓器,最大耗電78W,尺寸含底座714.2x583.2x263.5mm,不含底座714.2x418.4x73.8mm,包裝尺寸796x166x517mm,重量含底座8.0kg、不含底座4.8kg、包裝重量10.1kg,配件1.5m電源線,DP線,USB 3.0線,遙控器
LS27DG602SCXZW,型號：S27DG602SC,27吋Odyssey OLED G6 平面電競顯示器 G60SD,27吋16:9 OLED平面螢幕,QHD(2560x1440),最大360Hz更新頻率,0.03ms(GtG)超快反應時間,250/200 cd㎡亮度(典型/最小),原生對比1000000:1,178°寬廣視角,10.7億色彩支援,DCI色域99%(CIE1976),HDR10/HDR10+/HDR10+ Gaming,銀色機身與底座,抗眩光真霧面面板,OLED Safeguard+防止螢幕烙印技術,動態冷卻系統,熱調節系統,標誌及工作列偵測,螢幕保護模式,AMD FreeSync Premium Pro,低藍光模式,零閃屏,PIP子母畫面,金屬量子點顯色技術,Windows 11認證,黑平衡,虛擬準心,Core Sync,超級電競模式UX,自動來源切換Auto Source Switch+,超寬遊戲螢幕,影像尺寸調整,介面：DisplayPort 1.4x1(HDCP 2.2),HDMI 2.1x2(HDCP 2.2),USB 3.0 x2,耳機孔,操作溫度10~40℃,濕度10~80%,工廠校正與保固涵蓋正常使用下的烙印現象,HAS PIVOT底座120mm高度調整,前後傾斜-2°~25°,左右旋轉-30°~30°,垂直旋轉-92°~92°,VESA 100x100壁掛,尺寸含底座611.7x554.2x263.5mm,不含底座611.7x353.8x49.2mm,重量含底座6.9kg、不含底座3.8kg,包裝重量9.5kg,配件1.5m電源線,HDMI線,DP線,USB 3.0線
LS49CG934SCXZW,型號：S49CG934SC,49吋Odyssey OLED G9 曲面電競顯示器 G93SC,49吋32:9 OLED曲面螢幕(1800R曲率),Dual QHD(5120x1440),最大240Hz更新頻率,0.03ms(GtG)反應時間,250/200 cd㎡亮度(典型/最小),原生對比1000000:1,178°寬廣視角,10.7億色彩支援,DCI色域99%(CIE1976),VESA DisplayHDR True Black 400,HDR10+/HDR10+ Gaming,抗眩光真霧面面板,Samsung OLED Safeguard+防止螢幕烙印,熱調節系統,標誌和工作列偵測,螢幕保護模式,AMD FreeSync Premium Pro,G-Sync相容,低藍光模式,零閃屏,PIP子母畫面,PBP分割畫面,金屬量子點顯色技術,Windows 10認證,黑平衡,低輸入延遲技術,虛擬準心,Core Sync,超級電競模式 UX,自動來源切換Auto Source Switch+,影像尺寸調整,介面：DisplayPort 1.4 x1(HDCP 2.2)、HDMI 2.1 x1(HDCP 2.2)、Micro HDMI 2.1 x1(HDCP 2.2)、USB 3.0 x3、立體聲喇叭(5W x 2ch),操作溫度10–40℃、濕度10–80%,工廠出廠調校與校正報告,銀色機身與HAS底座(120mm高度調整),前後傾斜-2°~15°,壁掛100x100mm,電源AC 100–240V外接電源變壓器,最大耗電220W,尺寸含底座1194.7x529.3x284.1mm,不含底座1194.7x365x180.8mm,重量含底座12.6kg、不含底座8.8kg、包裝重量18.1kg,配件包含1.5m電源線、HDMI轉Micro HDMI線、DP線、USB Type-C轉Type-A傳輸線
LS55CG970NCXZW,型號：S55CG970NC,55吋Odyssey Ark Mini LED 曲面電競顯示器(第2代) G97NC,55吋16:9 VA曲面螢幕,1000R曲率,4K UHD(3840x2160),最大165Hz更新頻率,1ms(GtG)反應時間,600/420 cd㎡亮度(典型/最小),原生對比1000000:1(靜態),動態對比Mega DCR,178°寬廣視角,10.7億色彩支援,DCI色域95%,Quantum HDR 32x,HDR10+/HDR10+ Gaming,Mini LED局部調光(1056區域),量子矩陣技術,量子AI高效處理器,防眩光霧面螢幕,Smart TV智慧電視,Tizen作業系統,支援4組輸入多重視窗,KVM Switch,Ark Dial無線旋鈕盤,畫面最適化(Flex Move Screen),座艙模式,光效同步設計,Windows 10認證,AMD FreeSync Premium Pro,低藍光模式,零閃屏,PIP/PBP畫面分割,金屬量子點顯色技術,遊戲模式,黑平衡,虛擬準心,Game Bar 2.0,HDMI-CEC,自動來源切換+,智慧偵測環境光源,超寬遊戲螢幕,介面：DisplayPort 1.4 x1(HDCP 2.2)、HDMI 2.1 x2+HDMI 2.0 x1(HDCP 2.2)、USB 2.0 x2、以太網路x1、耳機孔、WiFi5、藍牙5.2,60W 2.2.2聲道立體聲喇叭(Dolby Atmos杜比全景聲),操作溫度0–40℃、濕度10–80%,工廠出廠調校與校正報告,黑色機身與HAS PIVOT底座(橫向270mm/直向30mm高度調整),前後傾斜橫向-10°~10°/直向-13°~10°、垂直旋轉-90°~90°,VESA 200x200壁掛,電源AC100-240V內置電源,最大耗電140W,尺寸含底座1174.8x1102x379mm,不含底座1174.8x704.8x251.8mm,包裝尺寸1362x922x317mm,重量含底座41.5kg、不含底座21.1kg、包裝重量57.1kg,配件1.5m電源線,HDMI線,遙控器
LS55BG970NCXZW,型號：S55BG970NC,55吋Odyssey Ark Mini LED 曲面電競顯示器 G97NB,55吋16:9 VA曲面螢幕,1000R曲率,4K UHD(3840x2160),最大165Hz更新頻率,1ms(GtG)反應時間,600/420 cd㎡亮度(典型/最小),原生對比1000000:1(靜態),動態對比Mega DCR,178°寬廣視角,10.7億色彩支援,DCI色域95%,Quantum HDR 32x,HDR10+/HDR10+ Gaming,Mini LED局部調光(1056區域),量子矩陣技術,量子AI高效處理器,防眩光霧面螢幕,Smart TV智慧電視,Tizen作業系統,支援SmartThings,支援4組輸入多重視窗,KVM Switch,Ark Dial無線旋鈕盤,畫面最適化(Flex Move Screen),座艙模式,光效同步設計,Samsung MagicRotation Auto,Windows 10認證,AMD FreeSync Premium Pro,低藍光模式,零閃屏,PIP/PBP畫面分割,金屬量子點顯色技術,遊戲模式,Game Bar 2.0,HDMI-CEC,自動來源切換+,智慧偵測環境光源,超寬遊戲螢幕,介面：HDMI 2.1 x4(HDCP 2.2)、DisplayPort 1.4 x1(HDCP 2.2)、USB 2.0 x2、以太網路x1、耳機孔、WiFi5、藍牙5.2,60W 2.2.2聲道立體聲喇叭(Dolby Atmos杜比全景聲),操作溫度0–40℃、濕度10–80%,工廠出廠調校與校正報告,黑色機身與HAS PIVOT底座(橫向270mm/直向30mm高度調整),前後傾斜橫向-10°~10°/直向-13°~10°、垂直旋轉-90°~90°,VESA 200x200壁掛,電源AC100-240V內置電源,尺寸含底座1174.8x1102x379mm,不含底座1174.8x704.8x251.8mm,包裝尺寸1362x922x317mm,重量含底座41.5kg、不含底座21.1kg、包裝重量57.1kg,配件1.5m電源線,HDMI線,遙控器,Ark Dial無線旋鈕盤,美型集線器,One Connect
LS32BG750NCXZW,型號：S32BG750NC,32吋Odyssey Neo G7 Mini LED 曲面電競顯示器 G75NB,32吋16:9 VA曲面螢幕,1000R曲率,4K UHD(3840x2160),最大165Hz更新頻率,1ms(GtG)反應時間,350/300 cd㎡亮度(典型/最小),原生對比1000000:1,動態對比Mega DCR,178°寬廣視角,10.7億色彩支援,DCI色域95%,Quantum HDR 2000,HDR10+/HDR10+ Gaming,Mini LED局部調光(1196區域),量子矩陣技術,低藍光模式,零閃屏,PIP子母畫面,金屬量子點顯色技術,Windows 10認證,AMD FreeSync Premium Pro,Off Timer Plus,黑平衡,低輸入延遲技術,虛擬準心,Core Sync,更新頻率調整,超級電競模式 UX,自動來源切換+,智慧偵測環境光源,超寬遊戲螢幕,介面：DisplayPort 1.4 x1(HDCP 2.2)、HDMI 2.1 x2(HDCP 2.2)、USB 3.0 x2、耳機孔,操作溫度10–40℃、濕度10–80%,工廠出廠調校,黑色機身與HAS PIVOT底座(120mm高度調整),前後傾斜-9°~13°,左右旋轉-15°~15°,垂直旋轉-92°~92°,VESA 100x100壁掛,電源AC 100–240V外接電源變壓器,尺寸含底座713x606.2x311.1mm,不含底座713x440.3x185mm,包裝尺寸827x231x499mm,重量含底座8.6kg、不含底座6.7kg、包裝重量12kg,配件1.5m電源線,DP線
LS43CG700NCXZW,型號：S43CG700NC,43吋Odyssey Neo G7 Mini LED 平面電競顯示器 G70NC,43吋16:9 VA平面螢幕,4K UHD(3840x2160),最大144Hz更新頻率,1ms(MPRT)反應時間,400/300 cd㎡亮度(典型/最小),原生對比1000000:1(動態),動態對比Mega DCR,178°寬廣視角,10.7億色彩支援,DCI色域95%(CIE1976),VESA DisplayHDR 600,HDR10+/HDR10+ Gaming,Mini LED局部調光,量子矩陣技術,防眩光霧面螢幕,Smart TV智慧電視,Tizen作業系統,畫面最適化(Flex Move Screen),超寬遊戲螢幕,Game Bar 2.0,Windows 10認證,AMD FreeSync Premium Pro,低藍光模式,零閃屏,PIP子母畫面,金屬量子點顯色技術,Off Timer Plus,虛擬準心,Core Sync,HDMI-CEC,自動來源切換,智慧偵測環境光源,介面：DisplayPort 1.4 x1(HDCP 2.2)、HDMI 2.1 x2(HDCP 2.2)、USB 3.0 x2、以太網路x1、耳機孔、WiFi5、藍牙5.2,20W立體聲喇叭(Adaptive Sound),操作溫度0–40℃、濕度10–80%,工廠出廠調校與校正報告,黑色正面/白色背面與簡約型底座,前後傾斜-2°~20°,VESA 200x200壁掛,電源AC100-240V內置電源,尺寸含底座960.8x635x254.1mm,不含底座960.8x563.3x37.9mm,包裝尺寸1233x667x153mm,重量含底座11.7kg、不含底座9.2kg、包裝重量16.1kg,配件1.5m電源線,DP線,遙控器
LS32BG850NCXZW,型號：S32BG850NC,32吋Odyssey Neo G8 Mini LED 曲面電競顯示器 G85NB,32吋16:9 VA曲面螢幕,1000R曲率,4K UHD(3840x2160),最大240Hz更新頻率,1ms(GtG)反應時間,350/300 cd㎡亮度(典型/最小),原生對比1000000:1,動態對比Mega DCR,178°寬廣視角,10.7億色彩支援,DCI色域95%,Quantum HDR 2000,HDR10+/HDR10+ Gaming,Mini LED局部調光(1196區域),量子矩陣技術,防眩光霧面螢幕,低藍光模式,零閃屏,PIP子母畫面,金屬量子點顯色技術,Windows 10認證,AMD FreeSync Premium Pro,Off Timer Plus,黑平衡,低輸入延遲技術,虛擬準心,Core Sync,更新頻率調整,超級電競模式 UX,自動來源切換+,智慧偵測環境光源,超寬遊戲螢幕,介面：DisplayPort 1.4 x1(HDCP 2.2)、HDMI 2.1 x2(HDCP 2.2)、USB 3.0 x2、耳機孔,操作溫度10–40℃、濕度10–80%,工廠出廠調校,黑色正面/白色背面與HAS PIVOT底座(120mm高度調整),前後傾斜-9°~13°,左右旋轉-15°~15°,垂直旋轉-92°~92°,VESA 100x100壁掛,電源AC 100–240V外接電源變壓器,尺寸含底座713x606.4x311.1mm,不含底座713x434.8x173mm,包裝尺寸827x236x530mm,重量含底座8.9kg、不含底座7kg、包裝重量12.2kg,配件1.5m電源線,DP線
LS28AG700NCXZW,型號：S28AG700NC,28吋Odyssey G70A 平面電競顯示器,28吋16:9 IPS平面螢幕,4K UHD(3840x2160),最大144Hz更新頻率,1ms(GtG)反應時間,300/250 cd㎡亮度(典型/最小),峰值亮度400 cd㎡,原生對比1000:1,動態對比Mega ∞ DCR,178°寬廣視角,1.67億色彩支援,DCI色域90%,VESA DisplayHDR 400,低藍光模式,零閃屏,PIP子母畫面,Windows 10認證,AMD FreeSync Premium Pro,G-Sync相容,Off Timer Plus,黑平衡,低輸入延遲技術,更新頻率調整,超級電競模式 UX,自動來源切換+,超寬遊戲螢幕,CoreSync光效自動調整設計,介面：DisplayPort 1.4 x1、HDMI 2.1 x2、USB 3.0 x1、耳機孔,操作溫度10–40℃、濕度10–80%,工廠出廠調校與校正報告,HAS PIVOT底座(120mm高度調整),前後傾斜-9°~13°,左右旋轉-15°~15°,垂直旋轉-2°~92°,VESA 100x100壁掛,電源AC 100–240V外接電源變壓器,最大耗電78W,尺寸含底座636.9x574.1x247mm,不含底座636.9x379.9x122.1mm,包裝尺寸711x191x475mm,重量含底座7.9kg、不含底座6.2kg、包裝重量10.5kg,配件1.5m電源線,DP線,USB 3.0線
LS32AG500PCXZW,型號：S32AG500PC,32吋Odyssey G5 G50A 平面電競顯示器,32吋16:9 IPS平面螢幕,QHD(2560x1440),最大165Hz更新頻率,1ms(GtG)反應時間,350/280 cd㎡亮度(典型/最小),原生對比1000:1,動態對比Mega ∞ DCR,178°寬廣視角,10.7億色彩支援,sRGB 99%,HDR10,低藍光模式,零閃屏,Windows 10認證,AMD FreeSync Premium,G-Sync相容,Off Timer Plus,黑平衡,低輸入延遲技術,更新頻率調整,超級電競模式 UX,自動來源切換,超寬遊戲螢幕,介面：DisplayPort 1.2 x1、HDMI 2.0 x1、耳機孔,操作溫度10–40℃、濕度10–80%,色彩支援模式Custom/FPS/RTS/RPG/AOS/Cinema/sRGB/DynamicContrast,HAS底座(120mm高度調整),前後傾斜-11°~15°,左右旋轉-15°~15°,垂直旋轉-2°~92°,VESA 100x100壁掛,電源AC 100–240V外接電源變壓器,最大耗電59W,尺寸含底座714.6x602.9x311.1mm,不含底座714.6x440.6x91.5mm,包裝尺寸802x176x545mm,重量含底座7.5kg、不含底座5.6kg、包裝重量9.7kg,配件1.5m電源線,DP線
LS27AG500NCXZW,型號：S27AG500NC,27吋Odyssey G5 G50A 平面電競顯示器,27吋16:9 IPS平面螢幕,QHD(2560x1440),最大165Hz更新頻率,1ms(GtG)反應時間,350/280 cd㎡亮度(典型/最小),原生對比1000:1,動態對比Mega ∞ DCR,178°寬廣視角,10.7億色彩支援,sRGB 99%,HDR10,低藍光模式,零閃屏,Windows 10認證,AMD FreeSync Premium,G-Sync相容,Off Timer Plus,黑平衡,低輸入延遲技術,更新頻率調整,超級電競模式 UX,自動來源切換,超寬遊戲螢幕,介面：DisplayPort 1.2 x1、HDMI 2.0 x1、耳機孔,操作溫度10–40℃、濕度10–80%,色彩支援模式Custom/FPS/RTS/RPG/AOS/Cinema/sRGB/DynamicContrast,HAS底座(120mm高度調整),前後傾斜-2°~22°,左右旋轉-30°~30°,垂直旋轉-2°~92°,VESA 100x100壁掛,電源AC 100–240V外接電源變壓器,最大耗電48W,尺寸含底座613.7x570.5x247mm,不含底座613.7x375.3x91.5mm,包裝尺寸684x173x467mm,重量含底座6.1kg、不含底座4.4kg、包裝重量8kg,配件1.5m電源線,DP線
LS24AG320NCXZW,型號：S24AG320NC,24吋Odyssey G3 平面電競顯示器 G32A,24吋16:9 VA平面螢幕,FHD(1920x1080),最大165Hz更新頻率,1ms(MPRT)反應時間,250/200 cd㎡亮度(典型/最小),原生對比3000:1,動態對比MEGA,178°寬廣視角,1670萬色彩支援,NTSC 72%,低藍光模式,零閃屏,遊戲模式,Windows 10認證,AMD FreeSync Premium,Off Timer Plus,黑平衡,更新頻率調整,介面：DisplayPort 1.2 x1、HDMI 1.4 x1、耳機孔,操作溫度10–40℃、濕度10–80%,HAS底座(高度可調120mm),前後傾斜-5°~20°,左右旋轉-15°~15°,垂直旋轉-2°~92°,VESA 100x100壁掛,電源AC 100–240V外接電源變壓器,最大耗電25W,尺寸含底座544x498.7x234.2mm,不含底座544x333.3x92mm,包裝尺寸636x211.5x454mm,重量含底座4.5kg、不含底座3kg、包裝重量6.6kg,配件電源線1.5m,DP連接線
LS32DM803UCXZW,型號：S32DM803UC,32吋智慧聯網螢幕 M8 M80D (2024),32吋16:9 VA平面螢幕,4K UHD (3840x2160),最大更新頻率60Hz,反應時間4ms(GtG),400/300 cd㎡典型/最小亮度,原生對比3000:1,支援HDR10和HDR10+,178°寬廣視角,10.7億色彩支援,sRGB 99% (CIE1931),低藍光模式,零閃屏,Windows 11認證,虛擬準心,Game Bar 2.0,HDMI-CEC,自動來源切換(Auto Source Switch+),智慧偵測環境光源(Adaptive picture),超寬遊戲螢幕(Ultrawide Game View),智慧功能包括Tizen作業系統、長距離語音辨識、SmartThings Hub、多裝置體驗及多重視窗,介面包含HDMI 2.0 x1、USB-C x1(65W充電)、USB 2.0 x2,支援WiFi5和藍牙5.2,內建10W立體聲喇叭及Adaptive Sound Pro智慧偵測音效,人體工學設計HAS PIVOT底座(120mm高度調整),前後傾斜-2°~15°,垂直旋轉-92°~92°,VESA 100x100壁掛,電源AC 100~240V外接變壓器,最大耗電140W,尺寸含底座713.4x616.2x200.1mm,不含底座713.4x423.8x24.5mm,包裝尺寸925x132x485mm,重量含底座7.2kg、不含底座4.2kg,配件包含1.5m電源線、HDMI線、USB Type-C線、太陽能智慧遙控器及視訊攝影機
LS43DM702UCXZW,型號：S43DM702UC,43吋智慧聯網螢幕 M7 M70D (2024),43吋16:9 VA平面螢幕,4K UHD(3840x2160),最大60Hz更新頻率,4ms(GtG)反應時間,300/240 cd㎡亮度(典型/最小),原生對比5000:1,動態對比支援,HDR10,178°寬廣視角,10.7億色彩支援,NTSC 72%,低藍光模式,零閃屏,Windows 11認證,虛擬準心,Game Bar 2.0,HDMI-CEC,自動來源切換Auto Source Switch+,智慧偵測環境光源Adaptive picture,超寬遊戲螢幕Ultrawide Game View,智慧功能Tizen作業系統、長距離語音辨識、SmartThings Hub、多裝置體驗(Mobile to Screen等)、多重視窗(最多2影片)、智慧校色基本、NFT Nifty Gateway、遠端存取,介面：HDMI 2.0 x2(HDCP 2.2)、USB-C x1(65W充電,HDCP 2.2)、USB 2.0 x3、無線顯示,支援WiFi5、藍牙5.2,內建20W立體聲喇叭及Adaptive Sound智慧偵測音效,操作溫度10–40℃、濕度10–80%,工廠出廠調校,黑色機身與簡約型底座,前後傾斜-2°~20°,VESA 200x200壁掛,電源AC 100–240V內置電源,最大耗電210W,尺寸含底座965.5x629.3x247.2mm,不含底座965.5x559.8x25.7mm,包裝尺寸1198x677x159mm,重量含底座10.6kg、不含底座8.5kg、包裝重量13.7kg,配件1.5m電源線,HDMI線,USB Type-C線,太陽能智慧遙控器
LS43DM703UCXZW,型號：S43DM703UC,43吋智慧聯網螢幕 M7 M70D (2024)白色版,43吋16:9 VA平面螢幕,4K UHD(3840x2160),最大60Hz更新頻率,4ms(GtG)反應時間,300/240 cd㎡亮度(典型/最小),原生對比5000:1,動態對比支援,HDR10,178°寬廣視角,10.7億色彩支援,NTSC 72%,低藍光模式,零閃屏,Windows 11認證,虛擬準心,Game Bar 2.0,HDMI-CEC,自動來源切換Auto Source Switch+,智慧偵測環境光源Adaptive picture,超寬遊戲螢幕Ultrawide Game View,智慧功能Tizen作業系統、長距離語音辨識、SmartThings Hub、多裝置體驗(Mobile to Screen等)、多重視窗(最多2影片)、智慧校色基本、NFT Nifty Gateway、遠端存取,介面：HDMI 2.0 x2(HDCP 2.2)、USB-C x1(65W充電,HDCP 2.2)、USB 2.0 x3、無線顯示,支援WiFi5、藍牙5.2,內建20W立體聲喇叭及Adaptive Sound智慧偵測音效,操作溫度10–40℃、濕度10–80%,工廠出廠調校,白色機身與簡約型底座,前後傾斜-2°~20°,VESA 200x200壁掛,電源AC 100–240V內置電源,最大耗電210W,尺寸含底座965.5x629.3x247.2mm,不含底座965.5x559.8x25.7mm,包裝尺寸1198x677x159mm,重量含底座11kg、不含底座8.7kg、包裝重量14.1kg,配件1.5m電源線,HDMI線,USB Type-C線,太陽能智慧遙控器
LS32DM702UCXZW,型號：S32DM702UC,FollowMe 移動式 4K 32吋智慧聯網螢幕組 M7 (M70D + 移動式立架),32吋16:9 VA平面螢幕,4K UHD(3840x2160),最大60Hz更新頻率,4ms(GtG)反應時間,300/240 cd㎡亮度(典型/最小),原生對比3000:1,動態對比支援,HDR10,178°寬廣視角,10.7億色彩支援,NTSC 72%,低藍光模式,零閃屏,Windows 11認證,虛擬準心,Game Bar 2.0,HDMI-CEC,自動來源切換Auto Source Switch+,智慧偵測環境光源Adaptive picture,超寬遊戲螢幕Ultrawide Game View,智慧功能Tizen作業系統、長距離語音辨識、SmartThings Hub、多裝置體驗(Mobile to Screen等)、多重視窗(最多2影片)、智慧校色基本、NFT Nifty Gateway、遠端存取,介面：HDMI 2.0 x2(HDCP 2.2)、USB-C x1(65W充電,HDCP 2.2)、USB 2.0 x3、無線顯示,支援WiFi5、藍牙5.2,內建10W立體聲喇叭及Adaptive Sound智慧偵測音效,操作溫度10–40℃、濕度10–80%,工廠出廠調校,黑色機身與簡約型底座,前後傾斜-2°~22°,VESA 100x100壁掛,電源AC 100–240V內置電源,最大耗電150W,尺寸含底座716.1x517x193.5mm,不含底座716.1x424.5x41.8mm,包裝尺寸842x133x487mm,重量含底座6.5kg、不含底座5.4kg、包裝重量8.4kg,配件1.5m電源線,HDMI線,USB Type-C線,太陽能智慧遙控器
LS32DM703UCXZW,型號：S32DM703UC,FollowMe 移動式 4K 32吋智慧聯網螢幕組 M7 (M70D + 移動式立架)白色版,32吋16:9 VA平面螢幕,4K UHD(3840x2160),最大60Hz更新頻率,4ms(GtG)反應時間,300/240 cd㎡亮度(典型/最小),原生對比3000:1,動態對比支援,HDR10,178°寬廣視角,10.7億色彩支援,NTSC 72%,低藍光模式,零閃屏,Windows 11認證,虛擬準心,Game Bar 2.0,HDMI-CEC,自動來源切換Auto Source Switch+,智慧偵測環境光源Adaptive picture,超寬遊戲螢幕Ultrawide Game View,智慧功能Tizen作業系統、長距離語音辨識、SmartThings Hub、多裝置體驗(Mobile to Screen等)、多重視窗(最多2影片)、智慧校色基本、NFT Nifty Gateway、遠端存取,介面：HDMI 2.0 x2(HDCP 2.2)、USB-C x1(65W充電,HDCP 2.2)、USB 2.0 x3、無線顯示,支援WiFi5、藍牙5.2,內建10W立體聲喇叭及Adaptive Sound智慧偵測音效,操作溫度10–40℃、濕度10–80%,工廠出廠調校,白色機身與簡約型底座,前後傾斜-2°~22°,VESA 100x100壁掛,電源AC 100–240V內置電源,最大耗電150W,尺寸含底座716.1x517x193.5mm,不含底座716.1x424.5x41.8mm,包裝尺寸842x133x487mm,重量含底座6.8kg、不含底座5.7kg、包裝重量8.7kg,配件1.5m電源線,HDMI線,USB Type-C線,太陽能智慧遙控器
LS27DM502ECXZW,型號：S27DM502EC,27吋智慧聯網螢幕 M5 M50D (2024)黑色版,27吋16:9 VA平面螢幕,FHD(1920x1080)解析度,最大60Hz更新頻率,4ms(GtG)反應時間,250/200 cd㎡亮度(典型/最小),原生對比3000:1,HDR10,178°寬廣視角,10.7億色彩支援,NTSC 72%,低藍光模式,零閃屏,Windows 11認證,虛擬準心,Game Bar 2.0,HDMI-CEC,自動來源切換Auto Source Switch+,智慧偵測環境光源Adaptive picture,超寬遊戲螢幕Ultrawide Game View,智慧功能Tizen作業系統、SmartThings Hub、多裝置體驗(Mobile to Screen等)、多重視窗(最多2影片)、NFT Nifty Gateway、遠端存取,介面：HDMI 1.4 x2(HDCP 2.2)、USB 2.0 x2、Wireless Display,支援WiFi5、藍牙5.2,內建10W立體聲喇叭及Adaptive Sound智慧偵測音效,操作溫度10–40℃、濕度10–80%,黑色機身與簡約型底座,前後傾斜-2°~22°,VESA 100x100壁掛,電源AC 100–240V內置電源,最大耗電50W,尺寸含底座615.5x455.4x193.5mm,不含底座615.5x367.9x41.8mm,包裝尺寸738x126x428mm,重量含底座4.8kg、不含底座3.6kg、包裝重量6.1kg,配件1.5m電源線、HDMI線、遙控器
LS27B610EQCXZW,型號：S27B610EQC,27吋 ViewFinity S6 IPS 高解析度平面顯示器 S61B,27吋16:9 IPS平面螢幕,QHD(2560x1440),最大75Hz更新頻率,5ms(GtG)反應時間,300/250 cd㎡亮度(典型/最小),原生對比1000:1,動態對比Mega,178°寬廣視角,16.7M色彩支援,NTSC 83%,sRGB 99%,低藍光模式,零閃屏,Windows 10認證,AMD FreeSync,自動來源切換,影像尺寸調整,介面：DisplayPort 1.2 x1、HDMI 1.4 x2(HDCP 1.4)、耳機孔,操作溫度10–40℃、濕度10–80%,黑色機身與HAS PIVOT底座(高度調整135mm),前後傾斜-4°~24°,左右旋轉-45°~45°,垂直旋轉-4°~92°,VESA 100x100壁掛,電源AC 100–240V外接電源變壓器,最大耗電35W,尺寸含底座616.2x538.5x192.9mm,不含底座616.2x367.7x45.4mm,包裝尺寸685x215x435mm,重量含底座5.4kg、不含底座3.6kg、包裝重量7.4kg,配件1.5m電源線,HDMI線
LS49C950UACXZW,型號：S49C950UAC,49吋 ViewFinity S9 高解析度曲面顯示器 S95UC,49吋32:9 VA曲面螢幕,1000R曲率,DQHD(5120x1440),最大120Hz更新頻率,5ms(GtG)反應時間,350/280 cd㎡亮度(典型/最小),原生對比3000:1,動態對比Mega ∞ DCR,VESA DisplayHDR 400,178°寬廣視角,10.7億色彩支援,DCI 92%,sRGB 115%,低藍光模式,零閃屏,PIP/PBP畫面分割,Windows 11認證,Off Timer Plus,自動來源切換Auto Source Switch+,智慧偵測環境光源Adaptive picture,KVM Switch,介面：DisplayPort 1.4 x1(HDCP 2.2)、HDMI 2.0 x2(HDCP 2.2)、USB-C x1(90W充電,HDCP 2.2)、USB 3.0 x3、乙太網路LAN x1、耳機孔,內建5Wx2立體聲喇叭,操作溫度10–40℃、濕度10–80%,工廠出廠調校,黑色機身與HAS底座(高度調整120mm),前後傾斜-2°~11°,左右旋轉-15°~15°,VESA 100x100壁掛,再生資源塑料10%以上,電源AC 100–240V內置電源,最大耗電210W,尺寸含底座1147.6x568.4x420.5mm,不含底座1147.6x363.5x293.8mm,包裝尺寸1265x343x481mm,重量含底座15.6kg、不含底座10.6kg、包裝重量20.6kg,配件HDMI線,USB Type-C線,USB 3.0線
LS27C900PACXZW,型號：S27C900PAC,27吋 ViewFinity S9 5K 高解析度平面顯示器 S90PC,27吋16:9 IPS平面螢幕,5K(5120x2880)解析度,最大60Hz更新頻率,5ms(GtG)反應時間,600/480 cd㎡亮度(典型/最小),原生對比1000:1,HDR支援,178°寬廣視角,最大10.7億色彩支援,DCI色域99%,sRGB覆蓋率100%,低藍光模式,零閃屏,遊戲模式,虛擬準心,Game Bar 2.0,自動來源切換Auto Source Switch+,智慧偵測環境光源Adaptive picture,超寬遊戲螢幕Ultrawide Game View,智慧功能Tizen作業系統、長距離語音辨識、SmartThings Hub、多裝置體驗(Mobile to Screen等)、Wireless DeX、My Contents、多重視窗(最多2影片)、智慧校色基本與專業模式、NFT Nifty Gateway、感應連結Tap View及遠端存取,介面：Wireless Display、Mini-DisplayPort 1個(HDCP 2.2)、DisplayPort 1個、Thunderbolt 4 1個(90W充電,HDCP 2.2)、HDMI 2.0 x2、USB 3.0 x3、耳機孔、乙太網路LAN,內建5Wx2立體聲喇叭(Adaptive Sound+),操作溫度10–40℃、濕度10–80%,工廠出廠調校,正銀色機身與HAS PIVOT底座(高度120mm),前後傾斜-2°~15°,垂直旋轉-92°~92°,左右旋轉-15°~15°,VESA 100x100壁掛,再生資源塑料3%,電源AC100~240V外接電源變壓器,最大耗電182W,尺寸含底座611.4x530.7x135.3mm,不含底座611.4x364.1x27.1mm,包裝尺寸820x133x423mm,重量含底座7.4kg、不含底座4.7kg、包裝重量10.7kg,配件1.5m電源線、Thunderbolt 4線、智慧遙控器及可拆式視訊攝影機.
LS34A650UXCXZW,型號：S34A650UXC,34吋 S6 Ultra WQHD 高解析度曲面顯示器 (ENERGY STAR),34吋21:9 VA曲面螢幕,1000R曲率,Ultra WQHD(3440x1440)解析度,最大100Hz更新頻率,5ms反應時間,300/250 cd㎡亮度(典型/最小),原生對比4000:1,動態對比Mega ∞ DCR,HDR10,178°寬廣視角,10.7億色彩支援,低藍光模式,零閃屏,PIP子母畫面,PBP分割畫面,遊戲模式,省電模式自由選,光源感測(Eco Light Sensor),Windows 10認證,FreeSync,Off Timer Plus,自動來源切換,智慧偵測環境光源(Adaptive picture),介面：DisplayPort 1.2 x1、HDMI 2.0 x1、USB Hub 3.0 x3、USB-C x1(90W充電)、乙太網路(LAN) x1、耳機孔,操作溫度10~40℃、濕度10~80%,黑色機身與HAS高度調整底座(120mm),前後傾斜-2°~25°,左右旋轉-30°~30°,VESA 100x100壁掛,ENERGY STAR認證,再生資源塑料3%,電源AC 100~240V內置,尺寸含底座806.6x553.3x234.9mm,不含底座806.6x369.4x128.1mm,包裝尺寸895x216x471mm,重量含底座7.6kg、不含底座5.1kg、包裝重量9.7kg,配件電源線1.5m,HDMI線,USB Type-C線
LS34C652UACXZW,型號：S34C652UAC,34吋 ViewFinity S6 Ultra WQHD 高解析度曲面顯示器 S65UC,34吋21:9 VA曲面螢幕,1000R曲率,UWQHD(3440x1440),最大100Hz更新頻率,5ms反應時間,350/280 cd㎡亮度(典型/最小),原生對比3000:1,動態對比Mega ∞ DCR,HDR10,178°寬廣視角,10.7億色彩支援,sRGB 115%,低藍光模式,零閃屏,PIP子母畫面,PBP分割畫面,影像尺寸調整,Windows 10認證,FreeSync,Off Timer Plus,自動來源切換Auto Source Switch+,智慧偵測環境光源Adaptive picture,KVM Switch,介面：DisplayPort 1.2 x1(HDCP 2.2)、HDMI 2.0 x1(HDCP 2.2)、USB-C x1(90W充電,HDCP 2.2)、USB Hub A 3.0 x3(DN)+B type 1(UP)、乙太網路LAN x1、耳機孔,內建5W立體聲喇叭,操作溫度10~40℃、濕度10~80%,色彩支援模式Entertain/Graphic/Eco/Game Standard/RPG/RTS/FPS/Sports/Original/Custom,黑色機身與HAS底座(高度調整120mm),前後傾斜-2°~20°,左右旋轉-30°~30°,VESA 100x100壁掛,TCO Certified,再生資源塑料10%,電源AC 100~240V內置電源,最大耗電200W,尺寸含底座806.6x561.5x241.0mm,不含底座806.6x369.4x125.0mm,包裝尺寸807x125x367mm,重量含底座8.0kg、不含底座5.2kg、包裝重量10.5kg,配件1.5m電源線,HDMI線,DP線,USB Type-C線,USB 3.0線
LS27A800UJCXZW,型號：S27A800UJC,27吋 S8 UHD 高解析度平面顯示器 (ENERGY STAR),27吋16:9 IPS平面螢幕,4K UHD(3840x2160)解析度,最大60Hz更新頻率,5ms反應時間,300/250 cd㎡亮度(典型/最小),原生對比1000:1 (Typ),動態對比Mega ∞ DCR,HDR10,178°寬廣視角,10億色彩支援,低藍光模式,零閃屏,PIP子母畫面,PBP分割畫面,遊戲模式,影像尺寸調整,Windows 10認證,Off Timer Plus,自動來源切換,智慧偵測環境光源(Adaptive picture),省電模式自由選,USB type-C 連接埠(90W充電),DisplayPort 1.2 x1(HDCP 2.2),HDMI 2.0 x1(HDCP 2.2),USB 3.0 x3,耳機孔,操作溫度10~40℃、濕度10~80%,黑色機身與HAS高度調整底座(120mm),前後傾斜-2°~25°,左右旋轉-30°~30°,垂直旋轉-2°~92°,VESA 100x100壁掛,ENERGY STAR認證,再生資源塑料3%,電源AC 100~240V內置電源,最大耗電約未詳,機身含底座615.5x551.9x196.4mm,不含底座615.5x368.2x42.7mm,包裝尺寸686x171x450mm,重量含底座6.7kg、不含底座4.7kg、包裝重量8.4kg,配件包括1.5m電源線、HDMI線、USB Type-C線
LS27A700NWCXZW,型號：S27A700NWC,27吋 S7 UHD 高解析度平面顯示器 (ENERGY STAR),27吋16:9 IPS平面螢幕,4K UHD(3840x2160)解析度,最大60Hz更新頻率,5ms反應時間,300/250 cd㎡亮度(典型/最小),原生對比1000:1 (Typ),動態對比Mega ∞ DCR,HDR10,178°寬廣視角,10.7億色彩支援,低藍光模式,零閃屏,PIP子母畫面,PBP分割畫面,遊戲模式,影像尺寸調整,Windows 10認證,Off Timer Plus,自動來源切換,智慧偵測環境光源(Adaptive picture),省電模式自由選,光源感測(Eco Light Sensor),介面：DisplayPort 1.2 x1、HDMI 2.0 x1、耳機孔、USB連接埠x1,操作溫度10~40℃、濕度10~80%,工廠出廠調校,色彩支援模式CUSTOM/STANDARD/CINEMA/DYNAMIC CONTRAST/HIGH BRIGHT/sRGB,黑色機身與簡約型底座,前後傾斜-2°~22°,VESA 100x100壁掛,ENERGY STAR認證,再生資源塑料3%,電源AC 100~240V內置電源,尺寸含底座615.5x456x193.5mm,不含底座615.5x368.2x42.7mm,包裝尺寸738x126x428mm,重量含底座5.5kg、不含底座4.4kg、包裝重量7kg,配件1.5m電源線,HDMI線
LS32A700NWCXZW,型號：S32A700NWC,32吋 S7 UHD 高解析度平面顯示器 (ENERGY STAR),32吋16:9 VA平面螢幕,4K UHD(3840x2160)解析度,最大60Hz更新頻率,5ms反應時間,300/250 cd㎡亮度(典型/最小),原生對比2500:1 (Typ),動態對比Mega ∞ DCR,HDR10,178°寬廣視角,10.7億色彩支援,低藍光模式,零閃屏,PIP子母畫面,PBP分割畫面,遊戲模式,影像尺寸調整,Windows 10認證,Off Timer Plus,自動來源切換,智慧偵測環境光源(Adaptive picture),省電模式自由選,光源感測(Eco Light Sensor),介面：DisplayPort 1.2 x1(HDCP 2.2)、HDMI 2.0 x1、耳機孔,操作溫度10~40℃、濕度10~80%,工廠出廠調校,色彩支援模式CUSTOM/STANDARD/CINEMA/DYNAMIC CONTRAST/HIGH BRIGHT/sRGB,黑色機身與簡約型底座,前後傾斜-2°~22°,壁掛100x100,ENERGY STAR認證,再生資源塑料3%,電源AC 100~240V內置電源,耗電DPMS休眠模式0.5W,關閉模式0.5W,尺寸含底座716.1x518.5x193.5mm,不含底座716.1x424.7x41.3mm,包裝尺寸842x133x487mm,重量含底座6.1kg、不含底座5kg、包裝重量8kg,配件1.5m電源線、HDMI線
LF27T450FQCXZW,型號：F27T450FQC,27吋 T450 商用顯示器,27吋16:9 IPS平面螢幕,FHD(1920x1080)解析度,最大75Hz更新頻率,5ms(GtG)反應時間,250/200 cd㎡亮度(典型/最小),原生對比1000:1,動態對比Mega,178°寬廣視角,1670萬色彩支援,NTSC 72%,低藍光模式,零閃屏,遊戲模式,影像尺寸調整,Windows 10認證,FreeSync,Off Timer Plus,省電模式自由選,介面：DisplayPort 1.2 x1、HDMI 1.4 x2、USB Hub 2.0 x2、耳機孔,操作溫度10–40℃、濕度10–80%,黑色機身與HAS PIVOT底座(高度調整130mm),前後傾斜-3°~25°,左右旋轉-45°~45°,垂直旋轉支援,VESA 100x100壁掛,ENERGY STAR認證,再生資源塑料3%以上,電源AC 100–240V內置電源,DPMS休眠模式0.3W、關閉模式0.3W,尺寸含底座612.1x391.6x224.0mm,不含底座612.1x363.6x39.4mm,包裝尺寸693x147x428mm,重量含底座4.6kg、不含底座3.2kg、包裝重量6.2kg,配件1.5m電源線,HDMI線
LF24T350FHCXZW,型號：F24T350FHC,24吋 T350 平面顯示器,24吋16:9 IPS平面螢幕,FHD(1920x1080)解析度,最大75Hz更新頻率,5ms(GtG)反應時間,250/200 cd㎡亮度(典型/最小),原生對比1000:1,動態對比Mega,178°寬廣視角,1670萬色彩支援,NTSC 72%,低藍光模式,零閃屏,遊戲模式,影像尺寸調整,Windows 10認證,FreeSync,Off Timer Plus,省電模式自由選,介面：D-Sub 1個、HDMI 1個(1.4版本)、耳機孔,操作溫度10~40℃、濕度10~80%,黑色機身與Y型底座,前後傾斜-2°~20°,壁掛100x100,電源AC 100~240V外接電源變壓器,DPMS休眠模式0.3W,關閉模式0.3W,尺寸含底座539.2x425.3x232.0mm,不含底座539.2x322.8x39.4mm,包裝尺寸675x125x387mm,重量含底座2.7kg、不含底座2.4kg、包裝重量4.0kg,配件1.5m電源線、HDMI線
LS27C366EACXZW,型號：S27C366EAC,27吋 S3 曲面顯示器 C366,27吋16:9 VA曲面螢幕,1800R曲率,FHD(1920x1080)解析度,最大75Hz更新頻率,4ms(GtG)反應時間,250/200 cd㎡亮度(典型/最小),原生對比3000:1,178°寬廣視角,1670萬色彩支援,NTSC 72%,低藍光模式,零閃屏,遊戲模式,影像尺寸調整,Windows 10認證,FreeSync,Off Timer Plus,省電模式自由選,介面：D-Sub x1、HDMI 1.4 x1(HDCP 1.4)、耳機孔,操作溫度10~40℃、濕度10~80%,黑色機身與簡約型底座,前後傾斜-2°~22°,VESA 75x75mm壁掛,電源AC 100~240V外接電源變壓器,最大耗電25W,尺寸含底座622.6x466.2x234.2mm,不含底座622.6x367.2x108.2mm,包裝尺寸687x175x442mm,重量含底座4.2kg、不含底座3.7kg、包裝重量6.3kg,配件1.5m電源線、HDMI線
LS24C366EACXZW,型號：S24C366EAC,24吋 S3 曲面顯示器 C366,24吋16:9 VA曲面螢幕,1800R曲率,FHD(1920x1080)解析度,最大75Hz更新頻率,4ms(GtG)反應時間,250/200 cd㎡亮度(典型/最小),原生對比3000:1,178°寬廣視角,1670萬色彩支援,NTSC 72%,低藍光模式,零閃屏,遊戲模式,影像尺寸調整,Windows 10認證,FreeSync,Off Timer Plus,省電模式自由選,介面：D-Sub x1、HDMI 1.4 x1(HDCP 1.4)、耳機孔,操作溫度10~40℃、濕度10~80%,黑色機身與簡約型底座,前後傾斜-2°~22°,VESA 75x75mm壁掛,電源AC 100~240V外接電源變壓器,最大耗電25W,尺寸含底座547.8x423.9x234.2mm,不含底座547.8x325.6x102.0mm,包裝尺寸612x162x390mm,重量含底座3.1kg、不含底座2.6kg、包裝重量4.8kg,配件1.5m電源線、HDMI線
LS27C310EACXZW,型號：S27C310EAC,27吋 S3 平面顯示器 C310,27吋16:9 IPS平面螢幕,FHD(1920x1080)解析度,最大75Hz更新頻率,5ms(GtG)反應時間,250/200 cd㎡亮度(典型/最小),原生對比1000:1,178°寬廣視角,1670萬色彩支援,NTSC 72%,低藍光模式,零閃屏,遊戲模式,影像尺寸調整,Windows 10認證,FreeSync,Off Timer Plus,省電模式自由選,介面：D-Sub x1、HDMI 1.4 x1(HDCP 1.2),操作溫度10~40℃、濕度10~80%,黑色機身與簡約型底座,前後傾斜-2°~20°,VESA 100x100mm壁掛,再生資源塑料22.30%,電源AC 100~240V外接電源變壓器,最大耗電25W,尺寸含底座612.1x463.3x217.4mm,不含底座612.1x363.5x41.4mm,包裝尺寸678x155x430mm,重量含底座3.8kg、不含底座3.4kg、包裝重量5.6kg,配件1.5m電源線、HDMI線
LS24C310EACXZW,型號：S24C310EAC,24吋 S3 平面顯示器 C310,24吋16:9 IPS平面螢幕,FHD(1920x1080)解析度,最大75Hz更新頻率,5ms(GtG)反應時間,250/200 cd㎡亮度(典型/最小),原生對比1000:1,178°寬廣視角,1670萬色彩支援,NTSC 72%,低藍光模式,零閃屏,遊戲模式,影像尺寸調整,Windows 10認證,FreeSync,Off Timer Plus,省電模式自由選,介面：D-Sub x1、HDMI 1.4 x1(HDCP 1.2)、耳機孔,操作溫度10~40℃、濕度10~80%,黑色機身與簡約型底座,前後傾斜-2°~20°,VESA 100x100mm壁掛,再生資源塑料20.6%,電源AC 100~240V外接電源變壓器,最大耗電25W,尺寸含底座539.5x422.8x217.4mm,不含底座539.5x322.8x41.2mm,包裝尺寸607x147x380mm,重量含底座2.8kg、不含底座2.4kg、包裝重量4.3kg,配件1.5m電源線、HDMI線
LC32T550FDCXZW,型號：C32T550FDC,32吋1000R曲面顯示器 CT55,32吋16:9 VA曲面螢幕,1000R曲率,FHD(1920x1080)解析度,最大75Hz更新頻率,4ms(GtG)反應時間,250/200 cd㎡亮度(典型/最小),原生對比3000:1 (Typ.),動態對比Mega,178°寬廣視角,色彩支援1670萬色,NTSC覆蓋度0.806,DCI色域0.88,sRGB覆蓋率1.193,Adobe RGB覆蓋率0.884,低藍光模式,零閃屏,遊戲模式,Windows 10認證,FreeSync,Off Timer Plus,HDMI-CEC,介面：D-Sub x1、DisplayPort 1.2 x1、HDMI 1.4 x1,內建5W立體聲喇叭,音訊輸入與耳機孔,操作溫度10~40℃、濕度10~80%,校正均勻度0.75,黑色機身與圓型底座,前後傾斜-3°~20°,壁掛100x100mm,電源AC 100~240V外接電源變壓器,DPMS休眠與關閉模式耗電0.5W,尺寸含底座708.8x514.4x271.7mm,不含底座708.8x426.0x133.5 mm,包裝尺寸806x242x520 mm,重量含底座6.4kg、不含底座4.9kg、包裝重量9.3kg,配件1.5m電源線、HDMI線
LC27T550FDCXZW,型號：C27T550FDC,27吋1000R曲面顯示器 CT55,27吋16:9 VA曲面螢幕,1000R曲率,FHD(1920x1080)解析度,最大75Hz更新頻率,4ms(GtG)反應時間,250/200 cd㎡亮度(典型/最小),原生對比3000:1 (Typ.),動態對比Mega,178°寬廣視角,色彩支援1670萬色,NTSC覆蓋度0.806,DCI色域0.88,sRGB覆蓋率1.193,Adobe RGB覆蓋率0.884,低藍光模式,零閃屏,遊戲模式,Windows 10認證,FreeSync,Off Timer Plus,HDMI-CEC,介面：D-Sub x1、DisplayPort 1.2 x1、HDMI 1.4 x1,音訊輸入與耳機孔,內建立體聲喇叭,操作溫度10~40℃、濕度10~80%,校正均勻度75%,黑色機身與圓型底座,前後傾斜-3°~20°,壁掛100x100mm,電源AC 100~240V 50/60Hz外接電源變壓器,DPMS休眠及關閉模式耗電0.5W,尺寸含底座613.2x458.1x249.6mm,不含底座613.2x369.7x112.5mm,包裝尺寸698x199x452mm,重量含底座5.1kg、不含底座3.8kg、包裝重量6.8kg,配件1.5m電源線、HDMI線
LC24T550FDCXZW,型號：C24T550FDC,24吋1000R曲面顯示器 CT55,24吋16:9 VA曲面螢幕,1000R曲率,FHD(1920x1080)解析度,最大75Hz更新頻率,4ms(GtG)反應時間,250/200 cd㎡亮度(典型/最小),原生對比3000:1 (Typ.),動態對比Mega,178°寬廣視角,色彩支援1670萬色,NTSC覆蓋度0.806,DCI色域0.88,sRGB覆蓋率1.193,Adobe RGB覆蓋率0.884,低藍光模式,零閃屏,遊戲模式,Windows 10認證,FreeSync,Off Timer Plus,HDMI-CEC,介面：D-Sub x1、DisplayPort 1.2 x1、HDMI 1.4 x1、耳機孔,操作溫度10~40℃、濕度10~80%,校正均勻度0.75,黑色機身與圓型底座,前後傾斜-3°~20°,壁掛100x100mm,電源AC 100~240V 50/60Hz外接電源變壓器,DPMS休眠及關閉模式耗電0.5W,尺寸含底座539.5x413.6x249.6mm,不含底座539.5x325.5x103.0mm,包裝尺寸605x194x387mm,重量含底座4.2kg、不含底座2.9kg、包裝重量5.6kg,配件1.5m電源線、HDMI線
LU32R591CWCXZW,型號：U32R591CWC,32吋4K UHD曲面顯示器 UR591C,32吋16:9 VA曲面螢幕,1500R曲率,4K UHD(3840x2160)解析度,60Hz更新頻率,4ms(GtG)反應時間,250/200 cd㎡亮度(典型/最小),原生對比2500:1(Typ.),動態對比Mega ∞ DCR,178°寬廣視角,10億色彩支援,NTSC 73%,sRGB 103%,Adobe RGB 76%,低藍光模式,零閃屏,遊戲模式,影像尺寸調整,Easy Setting Box,PBP畫面分割,Windows 10認證,Off Timer Plus,Samsung MagicBright,介面：DisplayPort 1.2 x1、HDMI 2.0 x1、耳機孔,操作溫度10~40℃、濕度10~80%,白色機身與Y形底座,前後傾斜-1°~17°,電源AC 100~240V外接電源變壓器,最大耗電59W,DPMS休眠與關閉模式≤0.3W,尺寸含底座712.7x515.0x237.9mm,不含底座712.7x420.9x83.6mm,包裝尺寸795x189x503mm,重量含底座5.5kg、不含底座4.8kg、包裝重量8.4kg,配件HDMI線
LU32R590CWCXZW,型號：U32R590CWC,32吋4K UHD曲面顯示器 UR590,32吋16:9 VA曲面螢幕,1500R曲率,FHD(3840x2160)解析度,60Hz更新頻率,4ms(GtG)反應時間,250/200 cd㎡亮度(典型/最小),原生對比2500:1(Typ.),動態對比Mega ∞ DCR,178°寬廣視角,10億色彩支援,NTSC 73%,sRGB 103%,Adobe RGB 76%,低藍光模式,零閃屏,遊戲模式,影像尺寸調整,Easy Setting Box,PBP畫面分割,Windows 10認證,Off Timer Plus,Samsung MagicBright,介面：DisplayPort 1.2 x1、HDMI 2.0 x1、耳機孔,操作溫度10~40℃、濕度10~80%,黑色機身與Y型底座,前後傾斜-1°~17°,電源AC 100~240V外接電源變壓器,最大耗電59W,DPMS休眠與關閉模式≤0.3W,尺寸含底座712.7x515.0x237.9mm,不含底座712.7x420.9x83.6mm,包裝尺寸795x189x503mm,重量含底座5.5kg、不含底座4.8kg、包裝重量8.4kg,配件HDMI線及快速安裝指南
LC27R500FHCXZW,型號：C27R500FHC,27吋FHD曲面顯示器 CR50,27吋16:9 VA曲面螢幕,1800R曲率,FHD(1920x1080)解析度,60Hz更新頻率,4ms(GtG)反應時間,250/220 cd㎡亮度(典型/最小),峰值亮度300 cd㎡,原生對比3000:1(Typ.),動態對比Mega,178°寬廣視角,1670萬色彩支援,NTSC 72%,低藍光模式,零閃屏,遊戲模式,影像尺寸調整,Samsung MagicBright,Windows 10認證,FreeSync,省電模式自由選,介面：D-Sub x1、HDMI 1.4 x1、耳機孔,操作溫度10~40℃、濕度10~80%,黑色機身與Y型底座,前後傾斜-2°~22°,VESA 75x75mm壁掛,電源AC 100~240V外接電源變壓器,最大耗電35W,DPMS休眠與關閉模式低於0.3W,尺寸含底座614.2x466.2x251.2mm,不含底座614.2x362.8x73.8mm,包裝尺寸710x177x460mm,重量含底座4.3kg、不含底座3.5kg、包裝重量6.5kg,配件1.5m電源線、HDMI線
LS32C390EACXZW,型號：S32C390EAC,32吋1000R曲面顯示器 C390,32吋16:9 VA曲面螢幕,1000R曲率,FHD(1920x1080)解析度,最大75Hz更新頻率,4ms(GtG)反應時間,250/200 cd㎡亮度(典型/最小),原生對比3000:1(Typ.),178°寬廣視角,1670萬色彩支援,NTSC覆蓋度0.806,DCI色域0.88,sRGB覆蓋率1.193,Adobe RGB覆蓋率0.884,低藍光模式,零閃屏,遊戲模式,Windows 10認證,FreeSync,Off Timer Plus,自動來源切換,介面：DisplayPort 1.2 x1、HDMI 1.4 x2(HDCP 1.4)、耳機孔,內建5Wx2立體聲喇叭,操作溫度10~40℃、濕度10~80%,校正均勻度0.75,黑色機身與圓型底座,前後傾斜-3°~20°,電源AC 100~240V外接電源變壓器,最大耗電48W,尺寸含底座708.8x514.4x271.7mm,不含底座708.8x426.0x133.5mm,包裝尺寸806x242x542mm,重量含底座6.4kg、不含底座4.9kg、包裝重量9.3kg,配件1.5m電源線、HDMI線
LS27C390EACXZW,型號：S27C390EAC,27吋1000R曲面顯示器 C390,27吋16:9 VA曲面螢幕,1000R曲率,FHD(1920x1080)解析度,最大75Hz更新頻率,4ms(GtG)反應時間,250/200 cd㎡亮度(典型/最小),原生對比3000:1(Typ.),178°寬廣視角,1670萬色彩支援,NTSC覆蓋度0.806,DCI色域0.88,sRGB覆蓋率1.193,Adobe RGB覆蓋率0.884,低藍光模式,零閃屏,遊戲模式,Windows 10認證,FreeSync,Off Timer Plus,自動來源切換,介面：DisplayPort 1.2 x1、HDMI 1.4 x2(HDCP 1.4)、耳機孔,內建5Wx2立體聲喇叭,操作溫度10~40℃、濕度10~80%,校正均勻度75%,黑色機身與圓型底座,前後傾斜-3°~20°,電源AC 100~240V外接電源變壓器,尺寸含底座613.2x458.1x249.6mm,不含底座613.2x369.7x112.5mm,包裝尺寸698x199x452mm,重量含底座5.1kg、不含底座3.8kg、包裝重量6.8kg,配件1.5m電源線、HDMI線
LS32BM702UCXZW,型號：S32BM702UC,32吋智慧聯網螢幕 M7 (2022),32吋16:9 VA平面螢幕,4K UHD(3840x2160)解析度,最大60Hz更新頻率,4ms(GtG)反應時間,300/240 cd㎡亮度(典型/最小),原生對比3000:1(Typ.),178°寬廣視角,10億色彩支援,HDR10,低藍光模式,零閃屏,遊戲模式,Game Bar 2.0,HDMI-CEC,自動來源切換+,智慧偵測環境光源(Adaptive Picture),超寬遊戲螢幕(Ultrawide Game View),Tizen™作業系統,SmartThings支援,遠端存取,行動裝置畫面分享/螢幕鏡射/DLNA,感應連結(Tap View),聲音分享,ConnectShare™,Wireless Display,介面：HDMI 2.0 x2、USB 2.0 x3、USB-C x1(65W充電),WiFi5、藍牙5.2,內建立體聲喇叭,操作溫度10~40℃、濕度10~80%,工廠出廠調校,黑色機身與簡約型底座,前後傾斜-2°~22°,VESA 100x100mm壁掛,電源AC 100~240V內置電源,最大耗電150W,尺寸含底座716.1x517.0x193.5mm,不含底座716.1x424.5x41.8mm,包裝尺寸842x133x487mm,重量含底座6.5kg、不含底座5.4kg、包裝重量8.4kg,配件1.5m電源線、HDMI線、USB Type-C線、白色USB-C充電遙控器
LS32BM703UCXZW,型號：S32BM703UC,32吋智慧聯網螢幕 M7 白色 (2022),32吋16:9 VA平面螢幕,4K UHD(3840x2160)解析度,最大60Hz更新頻率,4ms(GtG)反應時間,300/240 cd㎡亮度(典型/最小),原生對比3000:1(Typ.),178°寬廣視角,10億色彩支援,HDR10,低藍光模式,零閃屏,遊戲模式,Game Bar 2.0,HDMI-CEC,自動來源切換+,智慧偵測環境光源(Adaptive Picture),超寬遊戲螢幕(Ultrawide Game View),Tizen™作業系統,SmartThings支援,遠端存取,行動裝置畫面分享/螢幕鏡射/DLNA,感應連結(Tap View),聲音分享,ConnectShare™,Wireless Display,介面：HDMI 2.0 x2、USB 2.0 x3、USB-C x1(65W充電),WiFi5、藍牙5.2,內建立體聲喇叭,操作溫度10~40℃、濕度10~80%,工廠出廠調校,白色機身與簡約型底座,前後傾斜-2°~22°,VESA 100x100mm壁掛,電源AC 100~240V內置電源,最大耗電150W,尺寸含底座716.1x517.0x193.5mm,不含底座716.1x424.5x41.8mm,包裝尺寸842x133x487mm,重量含底座6.8kg、不含底座5.7kg、包裝重量8.7kg,配件1.5m電源線、HDMI線、USB Type-C線、白色USB-C充電遙控器
LS24F332EACXZW,型號：S24F332EAC,24吋S3平面顯示器 S33GF,24吋16:9 VA平面螢幕,FHD(1920x1080)解析度,最大100Hz更新頻率,5ms(GtG)反應時間,250/200 cd㎡亮度(典型/最小),原生對比3000:1(Typ.),動態對比Mega,178°寬廣視角,1670萬色彩支援,NTSC 72%,低藍光模式,零閃屏,遊戲模式,影像尺寸調整,Windows 11認證,Off Timer Plus,省電模式自由選,介面：D-Sub x1、HDMI 1.4 x1(HDCP 1.4),操作溫度10~40℃、濕度10~80%,黑色機身與簡約型底座,前後傾斜-2°~20°,VESA 100x100mm壁掛,再生資源塑料20%,電源AC 100-240V外接電源變壓器,最大耗電25W,尺寸含底座539.5x422.8x217.4mm,不含底座539.5x322.8x41.2mm,包裝尺寸607x147x380mm,重量含底座2.8kg、不含底座2.4kg、包裝重量4.3kg,配件1.5m電源線、D-Sub線、HDMI線
LS49AG950NCXZW,型號：S49AG950NC,49吋Odyssey Neo G9 Mini LED曲面電競顯示器,49吋32:9 VA曲面螢幕,1000R曲率,DQHD(5120x1440)解析度,最大240Hz更新頻率,1ms(GtG)反應時間,420/300 cd㎡(典型/最小)亮度,2000 nit峰值亮度,原生對比1,000,000:1,動態對比Mega DCR,HDR10+支援,178°寬廣視角,10.7億色彩支援,NTSC 88%,DCI 95%,sRGB 125%,Adobe RGB 92%,低藍光模式,零閃屏,PIP子母畫面,PBP分割畫面,金屬量子點顯色技術,Windows 10認證,FreeSync Premium Pro,G-Sync相容,Off Timer Plus,黑平衡,低輸入延遲,更新頻率調整,自定義鍵,超級電競模式 UX,自動來源切換+,影像尺寸調整,介面：DisplayPort 1.4 x1(HDCP 2.2)、HDMI 2.1 x2(HDCP 2.2)、耳機孔、USB 3.0 x2,操作溫度10~40℃、濕度10~80%,工廠出廠調校,色彩支援模式多樣,黑色機身,HAS高度調整底座(120mm),前後傾斜-3°~13°,左右旋轉-15°~15°,VESA 100x100mm壁掛,內置電源,最大耗電不詳,尺寸含底座1149.5x537.2x418.3mm,不含底座1149.5x363.5x287.4mm,重量含底座14.5kg、不含底座11.9kg,包裝重量20.4kg,配件電源線、DP線、USB 3.0線